-- *********************************************
-- * Standard SQL generation                   
-- *--------------------------------------------
-- * DB-MAIN version: 11.0.2              
-- * Schema: E-R PARCO FAUNISTICO LOGICO/SQL1 
-- ********************************************* 


-- Database Section
-- ________________ 
DROP DATABASE IF EXISTS parco_faunistico;
CREATE DATABASE IF NOT EXISTS parco_faunistico;
CREATE USER IF NOT EXISTS 'appuser'@'localhost' IDENTIFIED BY 'StrongP@ssw0rd';
GRANT ALL PRIVILEGES ON parco_faunistico.* TO 'appuser'@'localhost';
FLUSH PRIVILEGES;
USE parco_faunistico;

-- Tabelle

CREATE TABLE AREA (
    nome VARCHAR(50) NOT NULL,
    orario_apertura TIME NOT NULL,
    orario_chiusura TIME NOT NULL,
    zona_amministrativa VARCHAR(50),
    zona_ricreativa VARCHAR(50),
    habitat VARCHAR(50),
    CONSTRAINT ID_AREA_ID PRIMARY KEY (nome)
);

CREATE TABLE HABITAT (
    nome VARCHAR(50) NOT NULL,
    CONSTRAINT ID_HABIT_AREA_ID PRIMARY KEY (nome)
);

CREATE TABLE ZONA_AMMINISTRATIVA (
    nome VARCHAR(50) NOT NULL,
    CONSTRAINT ID_ZONA__AREA_1_ID PRIMARY KEY (nome)
);

CREATE TABLE ZONA_RICREATIVA (
    nome VARCHAR(50) NOT NULL,
    CONSTRAINT ID_ZONA__AREA_ID PRIMARY KEY (nome)
);

CREATE TABLE PERSONA (
    codice_fiscale CHAR(16) NOT NULL,
    nome VARCHAR(30) NOT NULL,
    cognome VARCHAR(30) NOT NULL,
    eta INT NOT NULL,
    indirizzo VARCHAR(100) NOT NULL,
    telefono VARCHAR(15),
    email VARCHAR(50),
    CONSTRAINT ID_PERSONA_ID PRIMARY KEY (codice_fiscale)
);

CREATE TABLE DIPENDENTE (
    codice_fiscale CHAR(16) NOT NULL,
    mansione VARCHAR(50) NOT NULL,
    descrizione_mansione VARCHAR(200) NOT NULL,
    CONSTRAINT ID_DIPEN_PERSO_ID PRIMARY KEY (codice_fiscale)
);

CREATE TABLE GUIDA (
    codice_fiscale CHAR(16) NOT NULL,
    CONSTRAINT ID_GUIDA_DIPEN_ID PRIMARY KEY (codice_fiscale)
);

CREATE TABLE GIORNATA_LAVORATIVA (
    codice_fiscale CHAR(16) NOT NULL,
    data DATE NOT NULL,
    giorno VARCHAR(10) NOT NULL,
    orario_inizio TIME NOT NULL,
    orario_fine TIME NOT NULL,
    CONSTRAINT ID_GIORNATA_LAVORATIVA_ID PRIMARY KEY (codice_fiscale, data)
);

CREATE TABLE SPECIE (
    nome_scientifico VARCHAR(100) NOT NULL,
    nome_comune VARCHAR(50) NOT NULL,
    abitudini TEXT NOT NULL,
    numero_esemplari INT NOT NULL,
    nome VARCHAR(50) NOT NULL,
    CONSTRAINT ID_SPECIE_ID PRIMARY KEY (nome_scientifico)
);

CREATE TABLE DIETA (
    alimento VARCHAR(50) NOT NULL,
    numero_pasti INT NOT NULL,
    CONSTRAINT ID_DIETA_ID PRIMARY KEY (alimento)
);

CREATE TABLE ESEMPLARE (
    nome VARCHAR(50) NOT NULL,
    sesso CHAR(1) NOT NULL,
    eta INT NOT NULL,
    altezza DECIMAL(5,2),
    peso DECIMAL(6,2),
    malato BOOLEAN,
    alimento VARCHAR(50) NOT NULL,
    nome_scientifico VARCHAR(100) NOT NULL,
    CONSTRAINT ID_ESEMPLARE_ID PRIMARY KEY (nome)
);

CREATE TABLE PERCORSO (
    codice_percorso VARCHAR(20) NOT NULL,
    durata TIME NOT NULL,
    numero_aree INT NOT NULL,
    CONSTRAINT ID_PERCORSO_ID PRIMARY KEY (codice_percorso)
);

CREATE TABLE VISITATORE (
    codice_fiscale CHAR(16) NOT NULL,
    CONSTRAINT ID_VISIT_PERSO_ID PRIMARY KEY (codice_fiscale)
);

CREATE TABLE GRUPPO (
    codice_gruppo VARCHAR(20) NOT NULL,
    numero_partecipanti INT NOT NULL,
    CONSTRAINT ID_GRUPPO_ID PRIMARY KEY (codice_gruppo)
);

CREATE TABLE SCONTO (
    codice_sconto VARCHAR(20) NOT NULL,
    percentuale DECIMAL(5,2) NOT NULL,
    tipologia VARCHAR(50) NOT NULL,
    CONSTRAINT ID_SCONTO_ID PRIMARY KEY (codice_sconto)
);

CREATE TABLE PAGAMENTO_VISITA (
    codice_transazione VARCHAR(20) NOT NULL,
    codice_fiscale CHAR(16),
    codice_gruppo VARCHAR(20),
    data_effettuazione DATE NOT NULL,
    codice_sconto VARCHAR(20),
    nome VARCHAR(50),
    CONSTRAINT ID_PAGAMENTO_VISITA_ID UNIQUE (codice_fiscale, codice_transazione),
    CONSTRAINT SID_PAGAMENTO_VISITA_ID UNIQUE (codice_gruppo, codice_transazione)
);

CREATE TABLE BIGLIETTO (
    codice_biglietto VARCHAR(20) NOT NULL,
    data_validita DATE NOT NULL,
    codice_fiscale CHAR(16),
    codice_gruppo VARCHAR(20),
    codice_transazione VARCHAR(20) NOT NULL,
    prezzo_base DECIMAL(7,2) NOT NULL,
    prezzo_effettivo DECIMAL(7,2) NOT NULL,
    codice_percorso VARCHAR(20) NOT NULL,
    CONSTRAINT ID_BIGLIETTO_ID PRIMARY KEY (codice_biglietto, data_validita),
    CONSTRAINT SID_BIGLI_PAGAM_ID UNIQUE (codice_fiscale, codice_transazione)
);

CREATE TABLE PRODOTTO (
    codice_prodotto VARCHAR(20) NOT NULL,
    nome VARCHAR(150) NOT NULL,
    descrizione TEXT,
    prezzo_unitario DECIMAL(10,2) NOT NULL,
    CONSTRAINT PK_PRODOTTO PRIMARY KEY (codice_prodotto)
);

CREATE TABLE ORDINE (
    codice_prodotto VARCHAR(20) NOT NULL,
    codice_ordine VARCHAR(20) NOT NULL,
    quantita_acquistata INT NOT NULL,
    data DATE NOT NULL,
    nome VARCHAR(50) NOT NULL,
    CONSTRAINT ID_ORDINE_ID PRIMARY KEY (codice_prodotto, codice_ordine)
);

CREATE TABLE composizione (
    nome VARCHAR(50) NOT NULL,
    data DATE NOT NULL,
    codice_prodotto VARCHAR(20) NOT NULL,
    codice_ordine VARCHAR(20) NOT NULL,
    CONSTRAINT ID_composizione_ID PRIMARY KEY (codice_prodotto, codice_ordine, nome, data)
);


CREATE TABLE RENDIMENTO_GIORNALIERO (
    nome VARCHAR(50) NOT NULL,
    data DATE NOT NULL,
    numero_vendite INT NOT NULL,
    fatturato DECIMAL(10,2) NOT NULL,
    CONSTRAINT ID_RENDIMENTO_GIORNALIERO_ID PRIMARY KEY (nome, data)
);

CREATE TABLE lavora (
    nome VARCHAR(50) NOT NULL,
    codice_fiscale CHAR(16) NOT NULL,
    CONSTRAINT ID_lavora_ID PRIMARY KEY (codice_fiscale, nome)
);

CREATE TABLE gestione (
    codice_fiscale CHAR(16) NOT NULL,
    codice_percorso VARCHAR(20) NOT NULL,
    CONSTRAINT ID_gestione_ID PRIMARY KEY (codice_fiscale, codice_percorso)
);

CREATE TABLE partecipazione (
    codice_gruppo VARCHAR(20) NOT NULL,
    codice_fiscale CHAR(16) NOT NULL,
    CONSTRAINT ID_partecipazione_ID PRIMARY KEY (codice_gruppo, codice_fiscale)
);

CREATE TABLE richiesta (
    codice_prodotto VARCHAR(20) NOT NULL,
    codice_ordine VARCHAR(20) NOT NULL,
    codice_fiscale CHAR(16) NOT NULL,
    CONSTRAINT ID_richiesta_ID PRIMARY KEY (codice_prodotto, codice_ordine, codice_fiscale)
);

CREATE TABLE visita (
    codice_fiscale CHAR(16) NOT NULL,
    nome VARCHAR(50) NOT NULL,
    data DATE NOT NULL,
    CONSTRAINT ID_visita_ID PRIMARY KEY (codice_fiscale, nome, data)
);

CREATE TABLE MANUTENZIONE (
    nome VARCHAR(50) NOT NULL,
    data_inizio DATE NOT NULL,
    data_fine DATE NOT NULL,
    CONSTRAINT ID_MANUTENZIONE_ID PRIMARY KEY (nome, data_inizio)
);



-- Constraints Section
-- ___________________ 

alter table AREA add constraint EXTONE_AREA
     check((ZONA_RICREATIVA is not null and ZONA_AMMINISTRATIVA is null and HABITAT is null)
           or (ZONA_RICREATIVA is null and ZONA_AMMINISTRATIVA is not null and HABITAT is null)
           or (ZONA_RICREATIVA is null and ZONA_AMMINISTRATIVA is null and HABITAT is not null)); 

alter table BIGLIETTO add constraint REF_BIGLI_PERCO_FK
     foreign key (codice_percorso)
     references PERCORSO(codice_percorso);

alter table BIGLIETTO add constraint SID_BIGLI_PAGAM_FK
     foreign key (codice_fiscale, codice_transazione)
     references PAGAMENTO_VISITA(codice_fiscale, codice_transazione);

alter table composizione add constraint REF_compo_ORDIN
     foreign key (codice_prodotto, codice_ordine)
     references ORDINE(codice_prodotto, codice_ordine);

alter table composizione add constraint REF_compo_RENDI_FK
     foreign key (nome, data)
     references RENDIMENTO_GIORNALIERO(nome, data);

/*alter table DIETA add constraint ID_DIETA_CHK
     check(exists(select * from ESEMPLARE
                  where ESEMPLARE.alimento = alimento));*/

alter table DIPENDENTE add constraint ID_DIPEN_PERSO_FK
     foreign key (codice_fiscale)
     references PERSONA(codice_fiscale);

/*alter table DIPENDENTE add constraint ID_DIPEN_PERSO_CHK
     check(exists(select * from GIORNATA_LAVORATIVA
                  where GIORNATA_LAVORATIVA.codice_fiscale = codice_fiscale));*/

/*alter table DIPENDENTE add constraint ID_DIPEN_PERSO_CHK
     check(exists(select * from lavora
                  where lavora.codice_fiscale = codice_fiscale));*/

alter table ESEMPLARE add constraint EQU_ESEMP_DIETA_FK
     foreign key (alimento)
     references DIETA(alimento);

alter table ESEMPLARE add constraint EQU_ESEMP_SPECI_FK
     foreign key (nome_scientifico)
     references SPECIE(nome_scientifico);

alter table gestione add constraint REF_gesti_PERCO_FK
     foreign key (codice_percorso)
     references PERCORSO(codice_percorso);

alter table gestione add constraint EQU_gesti_GUIDA
     foreign key (codice_fiscale)
     references GUIDA(codice_fiscale);

alter table GIORNATA_LAVORATIVA add constraint EQU_GIORN_DIPEN
     foreign key (codice_fiscale)
     references DIPENDENTE(codice_fiscale);

/*alter table GRUPPO add constraint ID_GRUPPO_CHK
     check(exists(select * from PAGAMENTO_VISITA
                  where PAGAMENTO_VISITA.codice_gruppo = codice_gruppo)); */

/*alter table GRUPPO add constraint ID_GRUPPO_CHK
     check(exists(select * from partecipazione
                  where partecipazione.codice_gruppo = codice_gruppo)); */

alter table GUIDA add constraint ID_GUIDA_DIPEN_FK
     foreign key (codice_fiscale)
     references DIPENDENTE(codice_fiscale);

/*alter table GUIDA add constraint ID_GUIDA_DIPEN_CHK
     check(exists(select * from gestione
                  where gestione.codice_fiscale = codice_fiscale)); */

/*alter table HABITAT add constraint ID_HABIT_AREA_CHK
     check(exists(select * from SPECIE
                  where SPECIE.nome = nome)); */

alter table HABITAT add constraint ID_HABIT_AREA_FK
     foreign key (nome)
     references AREA(nome);

alter table lavora add constraint EQU_lavor_DIPEN
     foreign key (codice_fiscale)
     references DIPENDENTE(codice_fiscale);

alter table lavora add constraint EQU_lavor_AREA_FK
     foreign key (nome)
     references AREA(nome);

alter table MANUTENZIONE add constraint REF_MANUT_AREA
     foreign key (nome)
     references AREA(nome);

/*alter table ORDINE add constraint ID_ORDINE_CHK
     check(exists(select * from richiesta
                  where richiesta.codice_prodotto = codice_prodotto and richiesta.codice_ordine = codice_ordine)); */

alter table ORDINE add constraint REF_ORDIN_PRODO
     foreign key (codice_prodotto)
     references PRODOTTO(codice_prodotto);

alter table ORDINE add constraint REF_ORDIN_ZONA__FK
     foreign key (nome)
     references ZONA_RICREATIVA(nome);

/*alter table PAGAMENTO_VISITA add constraint ID_PAGAMENTO_VISITA_CHK
     check(exists(select * from BIGLIETTO
                  where BIGLIETTO.codice_fiscale = codice_fiscale and BIGLIETTO.codice_transazione = codice_transazione)); */

alter table PAGAMENTO_VISITA add constraint EQU_PAGAM_VISIT
     foreign key (codice_fiscale)
     references VISITATORE(codice_fiscale);

alter table PAGAMENTO_VISITA add constraint EQU_PAGAM_GRUPP
     foreign key (codice_gruppo)
     references GRUPPO(codice_gruppo);

alter table PAGAMENTO_VISITA add constraint EQU_PAGAM_SCONT_FK
     foreign key (codice_sconto)
     references SCONTO(codice_sconto);

alter table PAGAMENTO_VISITA add constraint EQU_PAGAM_ZONA__FK
     foreign key (nome)
     references ZONA_AMMINISTRATIVA(nome);

alter table partecipazione add constraint REF_parte_VISIT_FK
     foreign key (codice_fiscale)
     references VISITATORE(codice_fiscale);

alter table partecipazione add constraint EQU_parte_GRUPP
     foreign key (codice_gruppo)
     references GRUPPO(codice_gruppo);

alter table RENDIMENTO_GIORNALIERO add constraint EQU_RENDI_ZONA_
     foreign key (nome)
     references ZONA_RICREATIVA(nome);

alter table richiesta add constraint EQU_richi_ORDIN
     foreign key (codice_prodotto, codice_ordine)
     references ORDINE(codice_prodotto, codice_ordine);

alter table richiesta add constraint REF_richi_VISIT_FK
     foreign key (codice_fiscale)
     references VISITATORE(codice_fiscale);

/*alter table SCONTO add constraint ID_SCONTO_CHK
     check(exists(select * from PAGAMENTO_VISITA
                  where PAGAMENTO_VISITA.codice_sconto = codice_sconto)); */

/*alter table SPECIE add constraint ID_SPECIE_CHK
     check(exists(select * from ESEMPLARE
                  where ESEMPLARE.nome_scientifico = nome_scientifico)); */

alter table SPECIE add constraint EQU_SPECI_HABIT_FK
     foreign key (nome)
     references HABITAT(nome);

alter table visita add constraint REF_visit_AREA_FK
     foreign key (nome)
     references AREA(nome);

alter table visita add constraint EQU_visit_VISIT
     foreign key (codice_fiscale)
     references VISITATORE(codice_fiscale);

alter table VISITATORE add constraint ID_VISIT_PERSO_FK
     foreign key (codice_fiscale)
     references PERSONA(codice_fiscale);

/*alter table VISITATORE add constraint ID_VISIT_PERSO_CHK
     check(exists(select * from visita
                  where visita.codice_fiscale = codice_fiscale)); */

/*alter table VISITATORE add constraint ID_VISIT_PERSO_CHK
     check(exists(select * from PAGAMENTO_VISITA
                  where PAGAMENTO_VISITA.codice_fiscale = codice_fiscale)); */

alter table ZONA_AMMINISTRATIVA add constraint ID_ZONA__AREA_1_FK
     foreign key (nome)
     references AREA(nome);

/*alter table ZONA_AMMINISTRATIVA add constraint ID_ZONA__AREA_1_CHK
     check(exists(select * from PAGAMENTO_VISITA
                  where PAGAMENTO_VISITA.nome = nome)); */

alter table ZONA_RICREATIVA add constraint ID_ZONA__AREA_FK
     foreign key (nome)
     references AREA(nome);

/*alter table ZONA_RICREATIVA add constraint ID_ZONA__AREA_CHK
     check(exists(select * from RENDIMENTO_GIORNALIERO
                  where RENDIMENTO_GIORNALIERO.nome = nome)); */


-- Index Section
-- _____________ 

create unique index ID_AREA_IND
     on AREA (nome);

create unique index ID_BIGLIETTO_IND
     on BIGLIETTO (codice_biglietto, data_validita);

create index REF_BIGLI_PERCO_IND
     on BIGLIETTO (codice_percorso);

create unique index SID_BIGLI_PAGAM_IND
     on BIGLIETTO (codice_fiscale, codice_transazione);

create unique index ID_composizione_IND
     on composizione (codice_prodotto, codice_ordine, nome, data);

create index REF_compo_RENDI_IND
     on composizione (nome, data);

create unique index ID_DIETA_IND
     on DIETA (alimento);

create unique index ID_DIPEN_PERSO_IND
     on DIPENDENTE (codice_fiscale);

create unique index ID_ESEMPLARE_IND
     on ESEMPLARE (nome);

create index EQU_ESEMP_DIETA_IND
     on ESEMPLARE (alimento);

create index EQU_ESEMP_SPECI_IND
     on ESEMPLARE (nome_scientifico);

create unique index ID_gestione_IND
     on gestione (codice_fiscale, codice_percorso);

create index REF_gesti_PERCO_IND
     on gestione (codice_percorso);

create unique index ID_GIORNATA_LAVORATIVA_IND
     on GIORNATA_LAVORATIVA (codice_fiscale, data);

create unique index ID_GRUPPO_IND
     on GRUPPO (codice_gruppo);

create unique index ID_GUIDA_DIPEN_IND
     on GUIDA (codice_fiscale);

create unique index ID_HABIT_AREA_IND
     on HABITAT (nome);

create unique index ID_lavora_IND
     on lavora (codice_fiscale, nome);

create index EQU_lavor_AREA_IND
     on lavora (nome);

create unique index ID_MANUTENZIONE_IND
     on MANUTENZIONE (nome, data_inizio);

create unique index ID_ORDINE_IND
     on ORDINE (codice_prodotto, codice_ordine);

create index REF_ORDIN_ZONA__IND
     on ORDINE (nome);

create unique index ID_PAGAMENTO_VISITA_IND
     on PAGAMENTO_VISITA (codice_fiscale, codice_transazione);

create unique index SID_PAGAMENTO_VISITA_IND
     on PAGAMENTO_VISITA (codice_gruppo, codice_transazione);

create index EQU_PAGAM_SCONT_IND
     on PAGAMENTO_VISITA (codice_sconto);

create index EQU_PAGAM_ZONA__IND
     on PAGAMENTO_VISITA (nome);

create unique index ID_partecipazione_IND
     on partecipazione (codice_gruppo, codice_fiscale);

create index REF_parte_VISIT_IND
     on partecipazione (codice_fiscale);

create unique index ID_PERCORSO_IND
     on PERCORSO (codice_percorso);

create unique index ID_PERSONA_IND
     on PERSONA (codice_fiscale);

create unique index ID_PRODOTTO_IND
     on PRODOTTO (codice_prodotto);

create unique index ID_RENDIMENTO_GIORNALIERO_IND
     on RENDIMENTO_GIORNALIERO (nome, data);

create unique index ID_richiesta_IND
     on richiesta (codice_prodotto, codice_ordine, codice_fiscale);

create index REF_richi_VISIT_IND
     on richiesta (codice_fiscale);

create unique index ID_SCONTO_IND
     on SCONTO (codice_sconto);

create unique index ID_SPECIE_IND
     on SPECIE (nome_scientifico);

create index EQU_SPECI_HABIT_IND
     on SPECIE (nome);

create unique index ID_visita_IND
     on visita (codice_fiscale, nome, data);

create index REF_visit_AREA_IND
     on visita (nome);

create unique index ID_VISIT_PERSO_IND
     on VISITATORE (codice_fiscale);

create unique index ID_ZONA__AREA_1_IND
     on ZONA_AMMINISTRATIVA (nome);

create unique index ID_ZONA__AREA_IND
     on ZONA_RICREATIVA (nome);

-- *****************************************
-- POPOLAMENTO DATABASE PARCO FAUNISTICO
-- *****************************************

-- AREA
INSERT INTO AREA(nome, orario_apertura, orario_chiusura, ZONA_AMMINISTRATIVA, ZONA_RICREATIVA, HABITAT)
VALUES
('ZA01','09:00','18:00','ZA01',NULL,NULL),
('ZA02','09:00','18:00','ZA02',NULL,NULL),
('ZA03','09:00','18:00','ZA03',NULL,NULL),
('ZR01','09:00','18:00',NULL,'ZR01',NULL),
('ZR02','09:00','18:00',NULL,'ZR02',NULL),
('ZR03','09:00','18:00',NULL,'ZR03',NULL),
('ZR04','09:00','18:00',NULL,'ZR04',NULL),
('ZR05','09:00','18:00',NULL,'ZR05',NULL),
('ZR06','09:00','18:00',NULL,'ZR06',NULL),
('ZR07','09:00','18:00',NULL,'ZR07',NULL),
('ZR08','09:00','18:00',NULL,'ZR08',NULL),
('ZR09','09:00','18:00',NULL,'ZR09',NULL),
('ZR10','09:00','18:00',NULL,'ZR10',NULL),
('ZR11','09:00','18:00',NULL,'ZR11',NULL),
('ZR12','09:00','18:00',NULL,'ZR12',NULL),
('H01','09:00','18:00',NULL,NULL,'H01'),
('H02','09:00','18:00',NULL,NULL,'H02'),
('H03','09:00','18:00',NULL,NULL,'H03'),
('H04','09:00','18:00',NULL,NULL,'H04'),
('H05','09:00','18:00',NULL,NULL,'H05'),
('H06','09:00','18:00',NULL,NULL,'H06'),
('H07','09:00','18:00',NULL,NULL,'H07'),
('H08','09:00','18:00',NULL,NULL,'H08'),
('H09','09:00','18:00',NULL,NULL,'H09'),
('H10','09:00','18:00',NULL,NULL,'H10'),
('H11','09:00','18:00',NULL,NULL,'H11'),
('H12','09:00','18:00',NULL,NULL,'H12'),
('H13','09:00','18:00',NULL,NULL,'H13'),
('H14','09:00','18:00',NULL,NULL,'H14'),
('H15','09:00','18:00',NULL,NULL,'H15'),
('H16','09:00','18:00',NULL,NULL,'H16'),
('H17','09:00','18:00',NULL,NULL,'H17'),
('H18','09:00','18:00',NULL,NULL,'H18'),
('H19','09:00','18:00',NULL,NULL,'H19'),
('H20','09:00','18:00',NULL,NULL,'H20'),
('H21','09:00','18:00',NULL,NULL,'H21'),
('H22','09:00','18:00',NULL,NULL,'H22'),
('H23','09:00','18:00',NULL,NULL,'H23'),
('H24','09:00','18:00',NULL,NULL,'H24'),
('H25','09:00','18:00',NULL,NULL,'H25');

-- ZONA_AMMINISTRATIVA
INSERT INTO ZONA_AMMINISTRATIVA(nome)
VALUES 
('ZA01'),
('ZA02'),
('ZA03');

-- ZONA_RICREATIVA
INSERT INTO ZONA_RICREATIVA(nome)
VALUES
('ZR01'),
('ZR02'),
('ZR03'),
('ZR04'),
('ZR05'),
('ZR06'),
('ZR07'),
('ZR08'),
('ZR09'),
('ZR10'),
('ZR11'),
('ZR12');

-- HABITAT
INSERT INTO HABITAT(nome)
VALUES
('H01'),
('H02'),
('H03'),
('H04'),
('H05'),
('H06'),
('H07'),
('H08'),
('H09'),
('H10'),
('H11'),
('H12'),
('H13'),
('H14'),
('H15'),
('H16'),
('H17'),
('H18'),
('H19'),
('H20'),
('H21'),
('H22'),
('H23'),
('H24'),
('H25');

-- PERSONA
INSERT INTO PERSONA(codice_fiscale, nome, cognome, eta, indirizzo, telefono, email)
VALUES
('BNCMRA70A01H501Z','Mario','Bianchi','53','Via Roma 10, Roma','0612345678','mario.bianchi@example.com'),
('MLLSMT82P65Z404U','Samantha','Miller','41','Via Milano 23, Milano','0245678910','samantha.miller@example.com'),
('RSSMRA90C15F205K','Maria','Rossi','34','Via Napoli 5, Napoli','0819876543','maria.rossi@example.com'),
('VRDNCL88M20H501Y','Nicola','Verdi','36','Via Torino 12, Roma','0611122334','nicola.verdi@example.com'),
('FRTLNZ85R12F839A','Alessandro','Fortunato','39','Via Firenze 17, Firenze','055334455','alessandro.fortunato@example.com'),
('GLLVNR78D23H501B','Vanessa','Galli','45','Via Genova 7, Genova','010223344','vanessa.galli@example.com'),
('PRNDRG92S11H501C','Andrea','Pirani','31','Via Padova 11, Padova','049556677','andrea.pirani@example.com'),
('DLCRSN88M21F205D','Cristina','Del Corso','36','Via Bari 6, Bari','080998877','cristina.delcorso@example.com'),
('BRTLND01B12H501Q','Lorenzo','Bartolini','28','Via Navona 4, Roma','3461234501','lorenzo.bartolini@example.com'),
('SGRVLD95C09F205R','Giulia','Segrè','30','Viale Marconi 88, Milano','3292233445','giulia.segre@example.com'),
('MRCBRT10D23F839S','Marco','Barreto','14','Piazza dei Martiri 2, Napoli','0815554411','marco.barreto14@example.com'),
('PNZLFC12E05H501T','Federica','Ponziani','8','Via Mazzini 7, Torino','3319988776','federica.ponziani@example.com'),
('LMDGNN77F18L219U','Liam','Medici','5','Via S. Spirito 21, Firenze','3476677889','liam.medici@example.com'),
('CZRVNR83G30H501V','Chiara','Cervoni','52','Via Balbi 10, Genova','010667700','chiara.cervoni@example.com'),
('TMRNDR01H01F205W','Tommaso','Merendi','2','Corso Garibaldi 3, Padova','3491122334','tommaso.merendi@example.com'),
('PNCLRL89J14H501X','Nicole','Panceri','7','Via Petrarca 5, Bari','0805544332','nicole.panceri@example.com'),
('SVRGLN94K02F839Y','Sara','Sivieri','16','Via Verdi 9, Firenze','055889900','sara.sivieri@example.com'),
('DRGLLN68L11H501Z','Gianni','D\'Agello','57','Piazza Dante 1, Torino','011334455','gianni.dagello@example.com'),
('MNTLVR03M27F205A','Alma','Montel','3','Via S. Paolo 14, Milano','3283344112','alma.montel@example.com'),
('FRCSNZ86N05H501B','Rebecca','Furcasini','38','Via Roma 77, Napoli','0813344556','rebecca.furcasini@example.com'),
('ZPLNFR99P09F839C','Giulio','Zappalà','9','Via Cavour 44, Palermo','091776655','giulio.zappala@example.com'),
('BLTRSV92Q22H501D','Elena','Beltresi','31','Piazza San Marco 3, Venezia','041998877','elena.beltresi@example.com'),
('VRNDTM05R13F205E','Matteo','Verndotti','19','Via Manzoni 12, Bologna','0513322114','matteo.verndotti@example.com'),
('CRSNGL80S30H501F','Angelo','Carosenghi','44','Viale Certosa 6, Milano','02-3344115','angelo.carosenghi@example.com'),
('LSRZMN15T07F839G','Sofia','Lusarzoni','10','Via Einaudi 8, Bergamo','035112233','sofia.lusarzoni@example.com'),
('PRGLVY87U19H501H','Vittoria','Pergalvini','36','Via Leopardi 27, Brescia','030667788','vittoria.pergalvini@example.com'),
('MNTRNL73V28F205I','Ivan','Montanari','51','Via Emilia 90, Modena','059998800','ivan.montanari@example.com'),
('SBNDLR02W04H501J','Sara','Sbandola','22','Via Roma 2, Parma','0521234567','sara.sbandola@example.com'),
('GLCPTR98X16F839K','Giacomo','Gallicapetro','6','Piazza Cavalli 5, Piacenza','052331223','giacomo.gallicapetro@example.com'),
('NVLLBR81Y21H501L','Beatrice','Novelli','43','Via Garibaldi 18, Pisa','050776655','beatrice.novelli@example.com'),
('FRNZZR07Z29F205M','Riccardo','Feronazzi','17','Via Brenta 11, Mantova','037667788','riccardo.feronazzi@example.com'),
('CLPRTV84A13H501N','Laura','Cilpertova','40','Via Sarpi 33, Como','031334477','laura.cilpertova@example.com'),
('DMNDLN91B07F839O','Luca','Demondolini','33','Via XX Settembre 6, Varese','033223344','luca.demondolini@example.com'),
('VRGPLN00C18H501P','Alessia','Veragplini','2','Via Roma 90, Lodi','0371445566','alessia.veragplini@example.com'),
('BSCNRT67D02F205Q','Nicola','Basconerti','58','Via Trieste 20, Trieste','040667788','nicola.basconerti@example.com'),
('RTNLFR90E30H501R','Francesca','Rontelfer','34','Piazza Grande 9, Perugia','075223311','francesca.rontelfer@example.com'),
('PLTRMN97F11F839S','Tom','Poltramini','12','Via Roma 5, Reggio Calabria','0965443322','tom.poltramini@example.com'),
('SVNTBR88G25H501T','Irene','Sivintori','36','Via Dante 46, Salerno','089998877','irene.sivintori@example.com'),
('CGNLLA05H04F205U','Federico','Cagnella','4','Via Mercanti 2, Brescia','030112244','federico.cagnella@example.com'),
('MTNDRG76I19H501V','Giorgia','Montedoro','48','Corso Umberto 7, Sassari','079334411','giorgia.montedoro@example.com'),
('RGLTTP93J03F839W','Eva','Regolatti','31','Via Libertà 10, Cagliari','070223344','eva.regolatti@example.com'),
('BNZLPR85K27H501X','Pietro','Benzalopre','39','Via Roma 28, Oristano','078360123','pietro.benzalopre@example.com'),
('FLLRMA02L10F205Y','Marta','Fellirama','21','Via Tasso 14, Taranto','099554433','marta.fellirama@example.com'),
('CRSNMD79M08H501Z','Samuele','Carosnimda','46','Piazza XXV Aprile 1, Barletta','088312233','samuele.carosnimda@example.com'),
('PGRTNV11N24F839A','Noemi','Pogartini','13','Via Mazzetta 6, Potenza','097165443','noemi.pogartini@example.com'),
('LDVRTN66P17H501B','Dario','Lodivertani','59','Via Trento 3, Trento','046123456','dario.lodivertani@example.com'),
('TMBRNL94Q02F205C','Bianca','Tamburneli','29','Via Bolzano 8, Bolzano','047179988','bianca.tamburneli@example.com'),
('PNCLMR78R20H501D','Ginevra','Pancelmori','46','Via Matteotti 22, Udine','043212233','ginevra.pancelmori@example.com'),
('SLTRFN09S15F839E','Matilde','Saltrifone','15','Via Cesare 7, Ancona','071556677','matilde.saltrifone@example.com'),
('VRGNTN72T26H501F','Edoardo','Vergantini','52','Piazza della Repubblica 4, Ravenna','054445566','edoardo.vergantini@example.com'),
('CNTRSS95U03F205G','Bea','Contrassi','28','Via Lago 18, Latina','077322211','bea.contrassi@example.com'),
('MBRZLR88V09H501H','Giusy','Mabrezoli','36','Via Cilea 12, Caserta','082312344','giusy.mabrezoli@example.com'),
('PNDRML04W21F839I','Chiara','Pendarimel','1','Via Roma 33, Monza','039112233','chiara.pendarimel@example.com'),
('TLLGNR82X14H501J','Vasco','Talligneri','42','Via Cadorna 9, Cremona','037212211','vasco.talligneri@example.com'),
('SLVSTR07Y07F205K','Alina','Silvestri','18','Corso Italia 2, Sondrio','034222233','alina.silvestri@example.com'),
('GRMNDL61Z29H501L','Roberto','Gramondelli','63','Via Fiume 16, Treviso','042232211','roberto.gramondelli@example.com'),
('CRLVNC85A03H501M','Carlo','Vinci','40','Via San Michele 3, Roma','0677123456','carlo.vinci@example.com'),
('DZMNRT09B14F205N','Diana','Zamunerta','16','Via Monte 14, Milano','3491234502','diana.zamunerta@example.com'),
('PLMTTR12C25H501O','Pietro','Palmetti','13','Via dei Fiori 25, Napoli','0811234590','pietro.palmetti@example.com'),
('FRSCBN77D06F839P','Francesca','Ferrucci','48','Corso Italia 6, Torino','0112233445','francesca.ferrucci@example.com'),
('BGLLCM98E18H501Q','Giacomo','Bigalli','7','Piazza Vittorio 18, Bologna','051998800','giacomo.bigalli@example.com'),
('MRCLRZ03F21F205R','Marta','Marcelori','21','Via Leopardi 21, Firenze','0553344778','marta.marcelori@example.com'),
('DLMGNA70G29H501S','Diego','Del Magno','54','Viale delle Rose 29, Genova','010667799','diego.delmagno@example.com'),
('VNCRDL91H04F839T','Vanessa','Vincradoli','33','Via Roma 4, Bari','0803344556','vanessa.vincradoli@example.com'),
('SMTRLN65J12H501U','Salvatore','Sammaritano','59','Via Garibaldi 12, Palermo','091556677','salvatore.sammaritano@example.com'),
('LPDGLA14K30F205V','Lara','Lapedigla','10','Via Dante 30, Catania','095667788','lara.lapedigla@example.com'),
('NTFRNC02L09H501W','Noa','Ntaferroni','2','Via Piave 9, Venezia','041223311','noa.ntaferroni@example.com'),
('VRGMRN89M01F839X','Verginia','Vargas Marin','36','Piazza Cavour 1, Parma','052112233','virginia.vargasmarin@example.com'),
('BRZLLI55N17H501Y','Baldassare','Barozzelli','69','Via Trento 17, Modena','059667712','baldassare.barozzelli@example.com'),
('SCMMLD08P23F205Z','Silvia','Scammaldi','15','Via Umberto 23, Reggio Emilia','052212345','silvia.scammaldi@example.com'),
('GNDLRZ96Q05H501A','Gino','Gandoleri','27','Via Roma 5, Livorno','058633344','gino.gandoleri@example.com'),
('PLCRFR81R26F839B','Paola','Pelliceri','43','Via Savona 26, Pescara','085334400','paola.pelliceri@example.com'),
('TRNLDV99S11H501C','Tommaso','Torrenaldi','9','Corso Vittorio 11, Ancona','071556699','tommaso.torrenaldi@example.com'),
('MLNDRZ73T03F205D','Michela','Malandrizzi','51','Via Roma 3, Bolzano','047198877','michela.malandrizzi@example.com'),
('VRSPTN86U20H501E','Vera','Versaponti','38','Piazza Garibaldi 20, Trento','046112299','vera.versaponti@example.com'),
('CRDLNM04V07F839F','Carolina','Cardelini','1','Via Mazzini 7, Taranto','099112233','carolina.cardelini@example.com'),
('LDNCTT58W29H501G','Ludovico','Lindacitti','66','Via Roma 29, Salerno','089334455','ludovico.lindacitti@example.com'),
('FVNNCL90X13F205H','Felice','Favoncelli','34','Via XX Settembre 13, Bergamo','035998877','felice.favoncelli@example.com'),
('MGLNPR01Y22H501I','Michele','Malgonipri','22','Via Lungo Fiume 22, Brescia','030123477','michele.malgonipri@example.com'),
('RCCNTR82Z05F839J','Rebecca','Riccantori','42','Via Mazzetta 5, Como','031334588','rebecca.riccantori@example.com'),
('DSNFRR97A16H501K','Denise','Dossanferri','27','Piazza del Mercato 16, Como','031112299','denise.dossanferri@example.com'),
('GLBRTR68B28F205L','Gabriele','Gilbertri','56','Via Rondinella 28, Mantova','037122233','gabriele.gilbertri@example.com'),
('PRRLDG05C02H501M','Piero','Perraldo Gori','2','Via Roma 2, Lamezia Terme','096833211','piero.perraldogori@example.com'),
('SLVRML74D19F839N','Silvia','Salvermi','50','Via Dante 19, Catanzaro','096133455','silvia.salvermi@example.com'),
('BNTRSC93E24H501O','Benedetta','Bontarisco','31','Via Nazionale 24, Potenza','097512345','benedetta.bontarisco@example.com'),
('CTTRMN87F08F205P','Caterina','Cittaromani','37','Corso Italia 8, Aosta','016512233','caterina.cittaromani@example.com'),
('MDLNCL11G30H501Q','Madelon','Madalenci','13','Via Garibaldi 30, Lucca','058334566','madelon.madalenci@example.com'),
('TRSNNI64H14F839R','Teresina','Trissoni','60','Via San Giovanni 14, Grosseto','056422211','teresina.trissoni@example.com'),
('VLDMRC08I21H501S','Valerio','Valdamarco','17','Piazza della Libertà 21, Arezzo','057523310','valerio.valdamarco@example.com'),
('NCGLMR92J03F205T','Nicolò','Nacciolamera','32','Via XXV Aprile 3, Siena','057722233','nicolo.nacciolamera@example.com'),
('PLRDRA79K11H501U','Paola','Polidoro','45','Via Roma 11, Siena','057712344','paola.polidoro@example.com'),
('MRTTLL00L09F839V','Matilde','Martelloni','24','Via Marconi 9, Pistoia','057322299','matilde.martelloni@example.com'),
('BGNRPN56M27H501W','Bruno','Bagnarponte','68','Corso Umberto 27, Viterbo','076132211','bruno.bagnarponte@example.com'),
('DSNLRZ15N16F205X','Denis','Dossanlero','9','Via Roma 16, Orvieto','076334455','denis.dossanlero@example.com'),
('GMPRCN94P05H501Y','Giorgia','Giampiracone','30','Via Colombo 5, Cosenza','098433211','giorgia.giampiracone@example.com'),
('LVTRNZ87Q24F839Z','Livia','Lavatronzi','37','Piazza Mercato 24, Lecce','083234566','livia.lavatronzi@example.com'),
('CRDMNC69R02H501A','Corrado','Cardamone','56','Via Roma 2, Foggia','088123478','corrado.cardamone@example.com'),
('FRLLPI98S12F205B','Filippo','Ferrelli','26','Via Lunga 12, Matera','083512233','filippo.ferrelli@example.com'),
('VDLRSP72T18H501C','Vanda','Vedolarsi','52','Via Po 18, Macerata','073312344','vanda.vedolarsi@example.com'),
('ZNCLTR03U07F839D','Zeno','Zenicoltari','2','Via Garibaldi 7, Sassuolo','053612233','zeno.zenicoltari@example.com'),
('MMTLLS80V21H501E','Mimmo','Mometelli','44','Via Roma 21, Faenza','054622344','mimmo.mometelli@example.com'),
('CLMRZP95W04F205F','Chiara','Colamarzi','29','Via Vittorio Emanuele 4, Savona','019334455','chiara.colamarzi@example.com'),
('BRGNTI88X30H501G','Brigitta','Borgantini','36','Piazza Duomo 30, Sondrio','034222344','brigitta.borgantini@example.com'),
('NVLLSN67Y11F839H','Nunzia','Novellisoni','58','Via Regina Margherita 11, Ivrea','0123456789','nunzia.novellisoni@example.com'),
('DLMCRZ91Z25H501I','Delia','Dilamacruz','33','Via XX Settembre 25, Chiavari','018562211','delia.dilamacruz@example.com'),

('NVLLCU89H12H501K','Luca','Novello',36,'Via Aldo Moro 12, Roma','+39 3470000011','luca.novello@example.com'),
('FRRNNA94C63F205V','Anna','Ferraro',31,'Via Dante 5, Milano','+39 3480000022','anna.ferraro@example.com'),
('GSTMRC88R10L219C','Marco','Giusti',37,'Via Vittorio Veneto 44, Torino','+39 3490000033','marco.giusti@example.com'),
('BNCFNC79T68F839Q','Francesca','Bianca',46,'Piazza Garibaldi 3, Napoli','+39 3390000044','francesca.bianca@example.com'),
('RSSSFN87E15A944X','Stefano','Rossi',38,'Corso Italia 77, Bologna','+39 3380000055','stefano.rossi@example.com'),
('NRELSE93S42D612A','Elisa','Neri',32,'Via Lamarmora 9, Genova','+39 3370000066','elisa.neri@example.com'),
('BLLSRA95D59D612I','Sara','Bellu',30,'Viale Europa 6, Firenze','+39 3350000088','sara.bellu@example.com'),
('MRLGRG75A05G273E','Giorgio','Morelli',50,'Via S. Francesco 2, Perugia','+39 3340000099','giorgio.morelli@example.com'),
('SLAMTN99M52A271R','Martina','Sala',26,'Via XX Settembre 14, Ancona','+39 3330000100','martina.sala@example.com'),
('CSTLRT84L17L085L','Alberto','Costa',41,'Via Cavour 8, Lecce','+39 3320000111','alberto.costa@example.com'),
('FBBCHR91B49G337O','Chiara','Fabbri',34,'Via Garibaldi 18, Parma','+39 3310000122','chiara.fabbri@example.com'),
('CNTDGI88D21F257K','Diego','Conti',37,'Piazza Duomo 7, Modena','+39 3300000133','diego.conti@example.com'),
('SRTVNT96H43H501K','Valentina','Sarti',29,'Via San Paolo 11, Salerno','+39 3290000144','valentina.sarti@example.com'),
('MNCFRC86C30A944D','Federico','Mancini',39,'Via Leopardi 26, Rimini','+39 3280000155','federico.mancini@example.com'),
('GRCRNI89T54H501Q','Irene','Greco',36,'Via Garzoni 4, Siena','+39 3270000166','irene.greco@example.com'),
('FRRRCR79A02G273S','Riccardo','Ferru',46,'Via Matteotti 50, Sassari','+39 3260000177','riccardo.ferru@example.com'),
('BLLLRA92P67C351H','Laura','Bellini',33,'Corso Umberto 1, Catania','+39 3250000188','laura.bellini@example.com'),
('GLNMTT88S19L736E','Matteo','Giuliani',37,'Via Garbini 10, Treviso','+39 3240000199','matteo.giuliani@example.com'),
('RNLGLI94A48A794L','Giulia','Rinaldi',31,'Via Verdi 33, Bergamo','+39 3230000201','giulia.rinaldi@example.com'),
('LTTNCL81E25L378M','Nicola','Lotti',44,'Via Manzoni 2, Trento','+39 3220000212','nicola.lotti@example.com'),
('RSOSLV96S46L424B','Silvia','Orsi',29,'Via Bellini 12, Trieste','+39 3210000223','silvia.orsi@example.com'),
('PLMDRD76D11H703S','Edoardo','Palma',49,'Viale delle Nazioni 1, Reggio Emilia','+39 3200000234','edoardo.palma@example.com'),
('SLABRC93B60G337J','Beatrice','Sala',32,'Via Roma 99, Pescara','+39 3190000245','beatrice.sala@example.com'),
('MRNLNZ85L07D612M','Lorenzo','Marini',40,'Via Mercato 15, Ferrara','+39 3180000256','lorenzo.marini@example.com'),
('PCAVNC89R53G337O','Veronica','Pace',36,'Piazza Maggiore 6, Parma','+39 3170000267','veronica.pace@example.com'),
('TSTNGL82A29L830W','Angelo','Testa',43,'Via Prov.le 44, Vercelli','+39 3160000278','angelo.testa@example.com'),
('RSSNMO98D44F122C','Noemi','Rossi',27,'Via Nuova 3, Grosseto','+39 3150000289','noemi.rossi@example.com'),
('BRTVNI73M16C936H','Ivan','Berti',52,'Via Marconi 88, Cuneo','+39 3140000290','ivan.berti@example.com'),
('GRORCC87E62L736R','Rebecca','Gori',38,'Piazza San Marco 5, Venezia','+39 3130000301','rebecca.gori@example.com'),
('ZNAGLI96P09F205N','Giulio','Zan',29,'Via Solferino 17, Monza','+39 3120000312','giulio.zan@example.com'),
('BLLLNE91C58A509T','Elena','Bell',34,'Via Padova 21, Brescia','+39 3110000323','elena.bell@example.com'),
('FRRMRT98T42B354J','Marta','Ferri',27,'Via Torino 6, Cagliari','+39 3100000334','marta.ferri@example.com'),
('MROPTR76H24C567N','Pietro','More',49,'Via San Marco 40, L''Aquila','+39 3090000345','pietro.more@example.com'),
('LDOGVR89B54C794O','Ginevra','Lodi',36,'Corso Vittorio 9, Como','+39 3080000356','ginevra.lodi@example.com'),
('CRRDRA70R30B452A','Dario','Cerri',55,'Via XXV Aprile 2, Novara','+39 3070000367','dario.cerri@example.com'),
('RVIBNC00S51G273Y','Bianca','Riva',25,'Via Fossato 8, Pavia','+39 3060000378','bianca.riva@example.com'),
('NREVEA78E45G227P','Eva','Neri',47,'Via Molino 14, Savona','+39 3050000389','eva.neri@example.com');

-- VISITATORE
INSERT INTO VISITATORE(codice_fiscale)
VALUES
('BNCMRA70A01H501Z'),
('MLLSMT82P65Z404U'),
('RSSMRA90C15F205K'),
('VRDNCL88M20H501Y'),
('FRTLNZ85R12F839A'),
('GLLVNR78D23H501B'),
('PRNDRG92S11H501C'),
('DLCRSN88M21F205D'),
('BRTLND01B12H501Q'),
('SGRVLD95C09F205R'),
('MRCBRT10D23F839S'),
('PNZLFC12E05H501T'),
('LMDGNN77F18L219U'),
('CZRVNR83G30H501V'),
('TMRNDR01H01F205W'),
('PNCLRL89J14H501X'),
('SVRGLN94K02F839Y'),
('DRGLLN68L11H501Z'),
('MNTLVR03M27F205A'),
('FRCSNZ86N05H501B'),
('ZPLNFR99P09F839C'),
('BLTRSV92Q22H501D'),
('VRNDTM05R13F205E'),
('CRSNGL80S30H501F'),
('LSRZMN15T07F839G'),
('PRGLVY87U19H501H'),
('MNTRNL73V28F205I'),
('SBNDLR02W04H501J'),
('GLCPTR98X16F839K'),
('NVLLBR81Y21H501L'),
('FRNZZR07Z29F205M'),
('CLPRTV84A13H501N'),
('DMNDLN91B07F839O'),
('VRGPLN00C18H501P'),
('BSCNRT67D02F205Q'),
('RTNLFR90E30H501R'),
('PLTRMN97F11F839S'),
('SVNTBR88G25H501T'),
('CGNLLA05H04F205U'),
('MTNDRG76I19H501V'),
('RGLTTP93J03F839W'),
('BNZLPR85K27H501X'),
('FLLRMA02L10F205Y'),
('CRSNMD79M08H501Z'),
('PGRTNV11N24F839A'),
('LDVRTN66P17H501B'),
('TMBRNL94Q02F205C'),
('PNCLMR78R20H501D'),
('SLTRFN09S15F839E'),
('VRGNTN72T26H501F'),
('CNTRSS95U03F205G'),
('MBRZLR88V09H501H'),
('PNDRML04W21F839I'),
('TLLGNR82X14H501J'),
('SLVSTR07Y07F205K'),
('GRMNDL61Z29H501L'),
('CRLVNC85A03H501M'),
('DZMNRT09B14F205N'),
('PLMTTR12C25H501O'),
('FRSCBN77D06F839P'),
('BGLLCM98E18H501Q'),
('MRCLRZ03F21F205R'),
('DLMGNA70G29H501S'),
('VNCRDL91H04F839T'),
('SMTRLN65J12H501U'),
('LPDGLA14K30F205V'),
('NTFRNC02L09H501W'),
('VRGMRN89M01F839X'),
('BRZLLI55N17H501Y'),
('SCMMLD08P23F205Z'),
('GNDLRZ96Q05H501A'),
('PLCRFR81R26F839B'),
('TRNLDV99S11H501C'),
('MLNDRZ73T03F205D'),
('VRSPTN86U20H501E'),
('CRDLNM04V07F839F'),
('LDNCTT58W29H501G'),
('FVNNCL90X13F205H'),
('MGLNPR01Y22H501I'),
('RCCNTR82Z05F839J'),
('DSNFRR97A16H501K'),
('GLBRTR68B28F205L'),
('PRRLDG05C02H501M'),
('SLVRML74D19F839N'),
('BNTRSC93E24H501O'),
('CTTRMN87F08F205P'),
('MDLNCL11G30H501Q'),
('TRSNNI64H14F839R'),
('VLDMRC08I21H501S'),
('NCGLMR92J03F205T'),
('PLRDRA79K11H501U'),
('MRTTLL00L09F839V'),
('BGNRPN56M27H501W'),
('DSNLRZ15N16F205X'),
('GMPRCN94P05H501Y'),
('LVTRNZ87Q24F839Z'),
('CRDMNC69R02H501A'),
('FRLLPI98S12F205B'),
('VDLRSP72T18H501C'),
('ZNCLTR03U07F839D'),
('MMTLLS80V21H501E'),
('CLMRZP95W04F205F'),
('BRGNTI88X30H501G'),
('NVLLSN67Y11F839H'),
('DLMCRZ91Z25H501I');

-- DIPENDENTE
INSERT INTO DIPENDENTE(codice_fiscale, mansione, descrizione_mansione)
VALUES
('NVLLCU89H12H501K','Guida','Accompagna i visitatori durante i percorsi guidati e fornisce spiegazioni sugli habitat'),
('FRRNNA94C63F205V','Addetto Manutenzione','Manutenzione delle aree ricreative e habitat, piccoli interventi tecnici'),
('GSTMRC88R10L219C','Guida','Conduce visite guidate per gruppi e scolaresche'),
('BNCFNC79T68F839Q','Addetto Manutenzione','Controllo e manutenzione impianti e recinti'),
('RSSSFN87E15A944X','Addetto Biglietteria','Vendita e controllo biglietti, info al pubblico'),
('NRELSE93S42D612A','Amministrativo','Gestione documentale e supporto uffici amministrativi'),
('BLLSRA95D59D612I','Addetto Negozio','Gestione boutique/souvenir e casse'),
('MRLGRG75A05G273E','Addetto Accoglienza','Accoglienza visitatori e informazioni presso l’ingresso'),
('SLAMTN99M52A271R','Guida','Accompagna gruppi nei percorsi tematici'),
('CSTLRT84L17L085L','Addetto Manutenzione','Manutenzione verde e supporto logistica'),
('FBBCHR91B49G337O','Responsabile Ristorante','Coordinamento staff ristorazione e controllo qualità'),
('CNTDGI88D21F257K','Custode','Sopralluoghi notturni, controllo recinzioni e sicurezza'),
('SRTVNT96H43H501K','Veterinario','Controllo sanitario e cura degli animali (supporto veterinario)'),
('MNCFRC86C30A944D','Cameriere','Servizio al tavolo nel ristorante del parco'),
('GRCRNI89T54H501Q','Barista','Gestione bar e servizio bevande'),
('FRRRCR79A02G273S','Addetto Manutenzione','Assistenza tecnica e piccoli interventi agli habitat'),
('BLLLRA92P67C351H','Addetto Negozio','Cassiere e gestione merchandising'),
('GLNMTT88S19L736E','Amministrativo','Supporto contabilità e segreteria'),
('RNLGLI94A48A794L','Addetto Accoglienza','Operazioni front-desk e informazioni ai visitatori'),
('LTTNCL81E25L378M','Guida','Visite guidate e attività didattiche per scolaresche'),
('RSOSLV96S46L424B','Addetto Biglietteria','Controllo accessi e vendite biglietti'),
('PLMDRD76D11H703S','Addetto Manutenzione','Manutenzione impianti e logistica eventi'),
('SLABRC93B60G337J','Addetto Negozio','Magazzino e riassortimento prodotti'),
('MRNLNZ85L07D612M','Amministrativo','Gestione turni e risorse umane'),
('PCAVNC89R53G337O','Guida','Percorsi specializzati e visite naturalistiche'),
('TSTNGL82A29L830W','Addetto Manutenzione','Manutenzione e supporto all’allestimento esposizioni'),
('RSSNMO98D44F122C','Addetto Accoglienza','Info point e accoglienza gruppi'),
('BRTVNI73M16C936H','Responsabile Sicurezza','Coordinamento sicurezza e emergenze'),
('GRORCC87E62L736R','Custode','Sorveglianza aree e supporto logistica notturna'),
('ZNAGLI96P09F205N','Guida','Guide tematiche e laboratori didattici'),
('BLLLNE91C58A509T','Barista','Servizio bar e gestione macchinari caffè'),
('FRRMRT98T42B354J','Addetto Manutenzione','Manutenzione strutture e attrezzature'),
('MROPTR76H24C567N','Addetto Negozio','Vendita souvenir e gestione cassa'),
('LDOGVR89B54C794O','Guida','Conduzione percorsi e spiegazioni educative'),
('CRRDRA70R30B452A','Addetto Biglietteria','Gestione biglietteria e prenotazioni'),
('RVIBNC00S51G273Y','Amministrativo','Assistente amministrativo'),
('NREVEA78E45G227P','Addetto Manutenzione','Assistenza tecnica agli habitat e aree verdi');

-- GRUPPO
INSERT INTO GRUPPO(codice_gruppo, numero_partecipanti)
VALUES
('G01','4'),
('G02','2'),
('G03','5'),
('G04','3'),
('G05','16'),
('G06','2'),
('G07','15'),
('G08','13'),
('G09','4'),
('G10','2'),
('G11','20'),
('G12','3');

-- PARTECIPAZIONE
INSERT INTO partecipazione(codice_gruppo, codice_fiscale)
VALUES
('G01','BNCMRA70A01H501Z'),
('G01','PRNDRG92S11H501C'),
('G01','RSSMRA90C15F205K'),
('G01','VRDNCL88M20H501Y'),
('G02','MLLSMT82P65Z404U'),
('G02','DLCRSN88M21F205D'),
('G03','FRTLNZ85R12F839A'),
('G03','BRTLND01B12H501Q'),
('G03','SGRVLD95C09F205R'),
('G03','MRCBRT10D23F839S'),
('G03','PNZLFC12E05H501T'),
('G04','GLLVNR78D23H501B'),
('G04','LMDGNN77F18L219U'),
('G04','CZRVNR83G30H501V'),
('G05','TMRNDR01H01F205W'),
('G05','PNCLRL89J14H501X'),
('G05','SVRGLN94K02F839Y'),
('G05','PRNDRG92S11H501C'),
('G05','MNTLVR03M27F205A'),
('G05','FRCSNZ86N05H501B'),
('G05','ZPLNFR99P09F839C'),
('G05','BLTRSV92Q22H501D'),
('G05','VRNDTM05R13F205E'),
('G05','CRSNGL80S30H501F'),
('G05','LSRZMN15T07F839G'),
('G05','PRGLVY87U19H501H'),
('G05','MNTRNL73V28F205I'),
('G05','SBNDLR02W04H501J'),
('G05','GLCPTR98X16F839K'),
('G05','NVLLBR81Y21H501L'),
('G06','DMNDLN91B07F839O'),
('G06','VRGPLN00C18H501P'),
('G07','BSCNRT67D02F205Q'),
('G07','RTNLFR90E30H501R'),
('G07','PLTRMN97F11F839S'),
('G07','SVNTBR88G25H501T'),
('G07','CGNLLA05H04F205U'),
('G07','MTNDRG76I19H501V'),
('G07','LDNCTT58W29H501G'),
('G07','RGLTTP93J03F839W'),
('G07','BNZLPR85K27H501X'),
('G07','FLLRMA02L10F205Y'),
('G07','CRSNMD79M08H501Z'),
('G07','PGRTNV11N24F839A'),
('G07','LDVRTN66P17H501B'),
('G07','TMBRNL94Q02F205C'),
('G07','PNCLMR78R20H501D'),
('G08','SLTRFN09S15F839E'),
('G08','VRGNTN72T26H501F'),
('G08','CNTRSS95U03F205G'),
('G08','MBRZLR88V09H501H'),
('G08','PNDRML04W21F839I'),
('G08','VRNDTM05R13F205E'),
('G08','CRSNGL80S30H501F'),
('G08','TLLGNR82X14H501J'),
('G08','SLVSTR07Y07F205K'),
('G08','GRMNDL61Z29H501L'),
('G08','CRLVNC85A03H501M'),
('G08','DZMNRT09B14F205N'),
('G08','PLMTTR12C25H501O'),
('G09','FRSCBN77D06F839P'),
('G09','BGLLCM98E18H501Q'),
('G09','MRCLRZ03F21F205R'),
('G09','DLMGNA70G29H501S'),
('G10','VNCRDL91H04F839T'),
('G10','SMTRLN65J12H501U'),
('G11','LPDGLA14K30F205V'),
('G11','NTFRNC02L09H501W'),
('G11','VRGMRN89M01F839X'),
('G11','BRZLLI55N17H501Y'),
('G11','SCMMLD08P23F205Z'),
('G11','GNDLRZ96Q05H501A'),
('G11','PLCRFR81R26F839B'),
('G11','TRNLDV99S11H501C'),
('G11','MLNDRZ73T03F205D'),
('G11','VRSPTN86U20H501E'),
('G11','CRDLNM04V07F839F'),
('G11','LDNCTT58W29H501G'),
('G11','FVNNCL90X13F205H'),
('G11','MGLNPR01Y22H501I'),
('G11','RCCNTR82Z05F839J'),
('G11','DSNFRR97A16H501K'),
('G11','GLBRTR68B28F205L'),
('G11','PRRLDG05C02H501M'),
('G11','SLVRML74D19F839N'),
('G11','VRDNCL88M20H501Y'),
('G12','BNTRSC93E24H501O'),
('G12','CTTRMN87F08F205P'),
('G12','MDLNCL11G30H501Q');

-- SCONTO
INSERT INTO SCONTO(codice_sconto, percentuale, tipologia)
VALUES
('S01','10','Gruppo 6-15 persone'),
('S02','30','Gruppo 15+ persone'),
('S03','50','Bambino 0-6 anni'),
('S04','20','Bambino 6-15 anni');

-- PAGAMENTO_VISITA
INSERT INTO PAGAMENTO_VISITA(codice_transazione, codice_fiscale, codice_gruppo, data_effettuazione, codice_sconto, nome)
VALUES
('T100', 'BNCMRA70A01H501Z', NULL, '2025-08-18', NULL, 'ZA01'),
('T101', 'MLLSMT82P65Z404U', NULL, '2025-08-18', NULL, 'ZA01'),
('T102', 'RSSMRA90C15F205K', NULL, '2025-08-18', NULL, 'ZA01'),
('T103', 'VRDNCL88M20H501Y', NULL, '2025-08-18', NULL, 'ZA01'),
('T104', 'FRTLNZ85R12F839A', NULL, '2025-08-19', NULL, 'ZA01'),
('T105', 'GLLVNR78D23H501B', NULL, '2025-08-19', NULL, 'ZA01'),
('T106', 'PRNDRG92S11H501C', NULL, '2025-08-19', NULL, 'ZA01'),
('T107', 'DLCRSN88M21F205D', NULL, '2025-08-19', NULL, 'ZA01'),
('T108', 'BRTLND01B12H501Q', NULL, '2025-08-20', NULL, 'ZA01'),
('T109', 'SGRVLD95C09F205R', NULL, '2025-08-20', NULL, 'ZA01'),
('T110', NULL, 'G05', '2025-08-20', 'S02', 'ZA01'),
('T111', 'MRCBRT10D23F839S', NULL, '2025-08-21', 'S03', 'ZA01'),
('T112', 'PNZLFC12E05H501T', NULL, '2025-08-21', 'S03', 'ZA01'),
('T113', 'LMDGNN77F18L219U', NULL, '2025-08-22', 'S03', 'ZA01'),
('T114', 'CZRVNR83G30H501V', NULL, '2025-08-22', NULL, 'ZA01'),
('T115', NULL, 'G07', '2025-08-22', 'S02', 'ZA01'),
('T116', 'TMRNDR01H01F205W', NULL, '2025-08-23', 'S03', 'ZA01'),
('T117', 'PNCLRL89J14H501X', NULL, '2025-08-23', 'S03', 'ZA01'),
('T118', 'SVRGLN94K02F839Y', NULL, '2025-08-23', NULL, 'ZA01'),
('T119', 'DRGLLN68L11H501Z', NULL, '2025-08-23', NULL, 'ZA01'),
('T120', 'MNTLVR03M27F205A', NULL, '2025-08-24', 'S03', 'ZA01'),
('T121', 'FRCSNZ86N05H501B', NULL, '2025-08-25', NULL, 'ZA01'),
('T122', 'ZPLNFR99P09F839C', NULL, '2025-08-25', 'S03', 'ZA01'),
('T123', 'BLTRSV92Q22H501D', NULL, '2025-08-25', NULL, 'ZA01'),
('T124', NULL, 'G08', '2025-08-25', 'S01', 'ZA01'),
('T125', 'VRNDTM05R13F205E', NULL, '2025-08-26', NULL, 'ZA01'),
('T126', 'CRSNGL80S30H501F', NULL, '2025-08-26', NULL, 'ZA01'),
('T127', 'LSRZMN15T07F839G', NULL, '2025-08-27', 'S04', 'ZA01'),
('T128', 'PRGLVY87U19H501H', NULL, '2025-08-28', NULL, 'ZA01'),
('T129', 'MNTRNL73V28F205I', NULL, '2025-08-29', NULL, 'ZA01'),
('T130', 'SBNDLR02W04H501J', NULL, '2025-08-30', NULL, 'ZA01'),
('T131', 'GLCPTR98X16F839K', NULL, '2025-08-30', NULL, 'ZA01'),
('T132', 'NVLLBR81Y21H501L', NULL, '2025-08-31', NULL, 'ZA01'),
('T133', 'FRNZZR07Z29F205M', NULL, '2025-08-31', NULL, 'ZA01'),
('T134', 'CLPRTV84A13H501N', NULL, '2025-08-31', NULL, 'ZA01'),
('T135', 'DMNDLN91B07F839O', NULL, '2025-08-01', NULL, 'ZA01'),
('T136', 'VRGPLN00C18H501P', NULL, '2025-08-02', NULL, 'ZA01'),
('T137', NULL, 'G05', '2025-08-02', 'S02', 'ZA01'),
('T138', 'BSCNRT67D02F205Q', NULL, '2025-08-03', NULL, 'ZA01'),
('T139', 'RTNLFR90E30H501R', NULL, '2025-08-03', NULL, 'ZA01'),
('T140', 'PLTRMN97F11F839S', NULL, '2025-08-04', NULL, 'ZA01'),
('T141', 'SVNTBR88G25H501T', NULL, '2025-08-04', NULL, 'ZA01'),
('T142', 'CGNLLA05H04F205U', NULL, '2025-08-04', NULL, 'ZA01'),
('T143', 'MTNDRG76I19H501V', NULL, '2025-08-04', NULL, 'ZA01'),
('T144', 'RGLTTP93J03F839W', NULL, '2025-08-05', NULL, 'ZA01'),
('T145', 'BNZLPR85K27H501X', NULL, '2025-08-05', NULL, 'ZA01'),
('T146', 'FLLRMA02L10F205Y', NULL, '2025-08-05', NULL, 'ZA01'),
('T147', NULL, 'G08', '2025-08-05', 'S01', 'ZA01'),
('T148', 'CRSNMD79M08H501Z', NULL, '2025-08-06', NULL, 'ZA01'),
('T149', 'PGRTNV11N24F839A', NULL, '2025-08-06', NULL, 'ZA01'),
('T150', 'LDVRTN66P17H501B', NULL, '2025-08-06', NULL, 'ZA01'),
('T151', 'TMBRNL94Q02F205C', NULL, '2025-08-07', NULL, 'ZA01'),
('T152', 'PNCLMR78R20H501D', NULL, '2025-08-08', NULL, 'ZA01'),
('T153', 'SLTRFN09S15F839E', NULL, '2025-08-08', 'S04', 'ZA01'),
('T154', 'VRGNTN72T26H501F', NULL, '2025-08-08', NULL, 'ZA01'),
('T155', 'CNTRSS95U03F205G', NULL, '2025-08-09', NULL, 'ZA01'),
('T156', 'MBRZLR88V09H501H', NULL, '2025-08-09', NULL, 'ZA01'),
('T157', 'PNDRML04W21F839I', NULL, '2025-08-09', NULL, 'ZA01'),
('T158', 'TLLGNR82X14H501J', NULL, '2025-08-09', NULL, 'ZA01'),
('T159', 'SLVSTR07Y07F205K', NULL, '2025-08-10', NULL, 'ZA01'),
('T160', 'GRMNDL61Z29H501L', NULL, '2025-08-10', NULL, 'ZA01'),
('T161', 'CRLVNC85A03H501M', NULL, '2025-08-10', NULL, 'ZA01'),
('T162', NULL, 'G11', '2025-08-10', 'S02', 'ZA01'),
('T163', 'DZMNRT09B14F205N', NULL, '2025-08-11', NULL, 'ZA01'),
('T164', 'PLMTTR12C25H501O', NULL, '2025-08-11', NULL, 'ZA01'),
('T165', 'FRSCBN77D06F839P', NULL, '2025-08-12', NULL, 'ZA01'),
('T166', 'BGLLCM98E18H501Q', NULL, '2025-08-13', 'S04', 'ZA01'),
('T167', 'MRCLRZ03F21F205R', NULL, '2025-08-13', NULL, 'ZA01'),
('T168', 'DLMGNA70G29H501S', NULL, '2025-08-14', NULL, 'ZA01'),
('T169', 'VNCRDL91H04F839T', NULL, '2025-08-14', NULL, 'ZA01'),
('T170',NULL,'G01','2025-08-11',NULL,'ZA01'),
('T171',NULL,'G02','2025-08-12',NULL,'ZA01'),
('T172',NULL,'G03','2025-08-13',NULL,'ZA01'),
('T173',NULL,'G04','2025-08-14',NULL,'ZA01'),
('T174',NULL,'G06','2025-08-15',NULL,'ZA01'),
('T175',NULL,'G09','2025-08-16',NULL,'ZA01'),
('T176',NULL,'G10','2025-08-17',NULL,'ZA01'),
('T177',NULL,'G12','2025-08-05',NULL,'ZA01'),
('T178','BGLLCM98E18H501Q',NULL,'2025-08-11',NULL,'ZA01'),
('T179','CTTRMN87F08F205P',NULL,'2025-08-12',NULL,'ZA01'),
('T180','BRGNTI88X30H501G',NULL,'2025-08-13',NULL,'ZA01'),
('T181','DSNFRR97A16H501K',NULL,'2025-08-14',NULL,'ZA01'),
('T182','DSNLRZ15N16F205X',NULL,'2025-08-15',NULL,'ZA01'),
('T183','DLMCRZ91Z25H501I',NULL,'2025-08-16',NULL,'ZA01'),
('T184','PLTRMN97F11F839S',NULL,'2025-08-17',NULL,'ZA01');


-- PERCORSO
INSERT INTO PERCORSO(codice_percorso, durata, numero_aree)
VALUES
('P01','02:00:00','3'),
('P02','01:30:00','2'),
('P03','02:30:00','3'),
('P04','02:00:00','2'),
('P05','03:15:00','4'),
('P06','01:45:00','2'),
('P07','02:45:00','3');

-- BIGLIETTO
INSERT INTO BIGLIETTO(codice_biglietto, data_validita, codice_fiscale, codice_gruppo, codice_transazione, prezzo_base, prezzo_effettivo, codice_percorso)
VALUES
('B0200','2025-08-18','BNCMRA70A01H501Z',NULL,'T100',20.00,20.00,'P01'),
('B0201','2025-08-18','MLLSMT82P65Z404U',NULL,'T101',20.00,20.00,'P01'),
('B0202','2025-08-18','RSSMRA90C15F205K',NULL,'T102',20.00,20.00,'P01'),
('B0203','2025-08-18','VRDNCL88M20H501Y',NULL,'T103',20.00,20.00,'P01'),
('B0204','2025-08-19','FRTLNZ85R12F839A',NULL,'T104',20.00,20.00,'P02'),
('B0205','2025-08-19','GLLVNR78D23H501B',NULL,'T105',20.00,20.00,'P01'),
('B0206','2025-08-19','PRNDRG92S11H501C',NULL,'T106',20.00,20.00,'P01'),
('B0207','2025-08-19','DLCRSN88M21F205D',NULL,'T107',20.00,20.00,'P02'),
('B0208','2025-08-20','BRTLND01B12H501Q',NULL,'T108',20.00,20.00,'P01'),
('B0209','2025-08-20','SGRVLD95C09F205R',NULL,'T109',20.00,20.00,'P02'),
('B0210','2025-08-20',NULL,'G05','T110',20.00,224.00,'P01'),
('B0211','2025-08-21','MRCBRT10D23F839S',NULL,'T111',20.00,10.00,'P02'),
('B0212','2025-08-21','PNZLFC12E05H501T',NULL,'T112',20.00,10.00,'P01'),
('B0213','2025-08-22','LMDGNN77F18L219U',NULL,'T113',20.00,10.00,'P02'),
('B0214','2025-08-22','CZRVNR83G30H501V',NULL,'T114',20.00,20.00,'P02'),
('B0215','2025-08-22',NULL,'G07','T115',20.00,210.00,'P01'),
('B0216','2025-08-23','TMRNDR01H01F205W',NULL,'T116',20.00,10.00,'P02'),
('B0217','2025-08-23','PNCLRL89J14H501X',NULL,'T117',20.00,10.00,'P02'),
('B0218','2025-08-23','SVRGLN94K02F839Y',NULL,'T118',20.00,20.00,'P02'),
('B0219','2025-08-23','DRGLLN68L11H501Z',NULL,'T119',20.00,20.00,'P02'),
('B0220','2025-08-24','MNTLVR03M27F205A',NULL,'T120',20.00,10.00,'P01'),
('B0221','2025-08-25','FRCSNZ86N05H501B',NULL,'T121',20.00,20.00,'P02'),
('B0222','2025-08-25','ZPLNFR99P09F839C',NULL,'T122',20.00,10.00,'P01'),
('B0223','2025-08-25','BLTRSV92Q22H501D',NULL,'T123',20.00,20.00,'P02'),
('B0224','2025-08-25',NULL,'G08','T124',20.00,234.00,'P02'),
('B0225','2025-08-26','VRNDTM05R13F205E',NULL,'T125',20.00,20.00,'P01'),
('B0226','2025-08-26','CRSNGL80S30H501F',NULL,'T126',20.00,20.00,'P01'),
('B0227','2025-08-27','LSRZMN15T07F839G',NULL,'T127',20.00,16.00,'P02'),
('B0228','2025-08-28','PRGLVY87U19H501H',NULL,'T128',20.00,20.00,'P01'),
('B0229','2025-08-29','MNTRNL73V28F205I',NULL,'T129',20.00,20.00,'P02'),
('B0230','2025-08-30','SBNDLR02W04H501J',NULL,'T130',20.00,20.00,'P02'),
('B0231','2025-08-30','GLCPTR98X16F839K',NULL,'T131',20.00,20.00,'P01'),
('B0232','2025-08-31','NVLLBR81Y21H501L',NULL,'T132',20.00,20.00,'P02'),
('B0233','2025-08-31','FRNZZR07Z29F205M',NULL,'T133',20.00,20.00,'P01'),
('B0234','2025-08-31','CLPRTV84A13H501N',NULL,'T134',20.00,20.00,'P01'),
('B0235','2025-08-01','DMNDLN91B07F839O',NULL,'T135',20.00,20.00,'P01'),
('B0236','2025-08-02','VRGPLN00C18H501P',NULL,'T136',20.00,20.00,'P01'),
('B0237','2025-08-02',NULL,'G05','T137',20.00,224.00,'P01'),
('B0238','2025-08-03','BSCNRT67D02F205Q',NULL,'T138',20.00,20.00,'P01'),
('B0239','2025-08-03','RTNLFR90E30H501R',NULL,'T139',20.00,20.00,'P02'),
('B0240','2025-08-04','PLTRMN97F11F839S',NULL,'T140',20.00,20.00,'P01'),
('B0241','2025-08-04','SVNTBR88G25H501T',NULL,'T141',20.00,20.00,'P01'),
('B0242','2025-08-04','CGNLLA05H04F205U',NULL,'T142',20.00,20.00,'P02'),
('B0243','2025-08-04','MTNDRG76I19H501V',NULL,'T143',20.00,20.00,'P02'),
('B0244','2025-08-05','RGLTTP93J03F839W',NULL,'T144',20.00,20.00,'P01'),
('B0245','2025-08-05','BNZLPR85K27H501X',NULL,'T145',20.00,20.00,'P02'),
('B0246','2025-08-05','FLLRMA02L10F205Y',NULL,'T146',20.00,20.00,'P01'),
('B0247','2025-08-05',NULL,'G08','T147',20.00,234.00,'P02'),
('B0248','2025-08-06','CRSNMD79M08H501Z',NULL,'T148',20.00,20.00,'P01'),
('B0249','2025-08-06','PGRTNV11N24F839A',NULL,'T149',20.00,20.00,'P01'),
('B0250','2025-08-06','LDVRTN66P17H501B',NULL,'T150',20.00,20.00,'P01'),
('B0251','2025-08-07','TMBRNL94Q02F205C',NULL,'T151',20.00,20.00,'P01'),
('B0252','2025-08-08','PNCLMR78R20H501D',NULL,'T152',20.00,20.00,'P01'),
('B0253','2025-08-08','SLTRFN09S15F839E',NULL,'T153',20.00,16.00,'P02'),
('B0254','2025-08-08','VRGNTN72T26H501F',NULL,'T154',20.00,20.00,'P02'),
('B0255','2025-08-09','CNTRSS95U03F205G',NULL,'T155',20.00,20.00,'P02'),
('B0256','2025-08-09','MBRZLR88V09H501H',NULL,'T156',20.00,20.00,'P02'),
('B0257','2025-08-09','PNDRML04W21F839I',NULL,'T157',20.00,20.00,'P02'),
('B0258','2025-08-09','TLLGNR82X14H501J',NULL,'T158',20.00,20.00,'P02'),
('B0259','2025-08-10','SLVSTR07Y07F205K',NULL,'T159',20.00,20.00,'P02'),
('B0260','2025-08-10','GRMNDL61Z29H501L',NULL,'T160',20.00,20.00,'P01'),
('B0261','2025-08-10','CRLVNC85A03H501M',NULL,'T161',20.00,20.00,'P01'),
('B0262','2025-08-10',NULL,'G11','T162',20.00,280.00,'P02'),
('B0263','2025-08-11','DZMNRT09B14F205N',NULL,'T163',20.00,20.00,'P01'),
('B0264','2025-08-11','PLMTTR12C25H501O',NULL,'T164',20.00,20.00,'P02'),
('B0265','2025-08-12','FRSCBN77D06F839P',NULL,'T165',20.00,20.00,'P01'),
('B0266','2025-08-13','BGLLCM98E18H501Q',NULL,'T166',20.00,16.00,'P02'),
('B0267','2025-08-13','MRCLRZ03F21F205R',NULL,'T167',20.00,20.00,'P02'),
('B0268','2025-08-14','DLMGNA70G29H501S',NULL,'T168',20.00,20.00,'P01'),
('B0269','2025-08-14','VNCRDL91H04F839T',NULL,'T169',20.00,20.00,'P02'),
('B0270','2025-08-11',NULL,'G01','T170',20.00,80.00,'P03'),
('B0271','2025-08-12',NULL,'G02','T171',20.00,40.00,'P04'),
('B0272','2025-08-13',NULL,'G03','T172',20.00,100.00,'P05'),
('B0273','2025-08-14',NULL,'G04','T173',20.00,60.00,'P03'),
('B0274','2025-08-15',NULL,'G06','T174',20.00,40.00,'P04'),
('B0275','2025-08-16',NULL,'G09','T175',20.00,80.00,'P05'),
('B0276','2025-08-17',NULL,'G10','T176',20.00,40.00,'P03'),
('B0277','2025-08-05',NULL,'G12','T177',20.00,60.00,'P04'),
('B0278','2025-08-11','BGLLCM98E18H501Q',NULL,'T178',20.00,20.00,'P03'),
('B0279','2025-08-12','CTTRMN87F08F205P',NULL,'T179',20.00,20.00,'P04'),
('B0280','2025-08-13','BRGNTI88X30H501G',NULL,'T180',20.00,20.00,'P05'),
('B0281','2025-08-14','DSNFRR97A16H501K',NULL,'T181',20.00,20.00,'P06'),
('B0282','2025-08-15','DSNLRZ15N16F205X',NULL,'T182',20.00,20.00,'P07'),
('B0283','2025-08-16','DLMCRZ91Z25H501I',NULL,'T183',20.00,20.00,'P03'),
('B0284','2025-08-17','PLTRMN97F11F839S',NULL,'T184',20.00,20.00,'P04');

-- GUIDA
INSERT INTO GUIDA(codice_fiscale)
VALUES
('NVLLCU89H12H501K'),
('GSTMRC88R10L219C'),
('SLAMTN99M52A271R'),
('LTTNCL81E25L378M'),
('PCAVNC89R53G337O'),
('ZNAGLI96P09F205N'),
('LDOGVR89B54C794O');

-- GESTIONE
INSERT INTO gestione(codice_fiscale, codice_percorso)
VALUES
('NVLLCU89H12H501K','P01'),
('GSTMRC88R10L219C','P02'),
('SLAMTN99M52A271R','P03'),
('LTTNCL81E25L378M','P04'),
('PCAVNC89R53G337O','P05'),
('ZNAGLI96P09F205N','P06'),
('LDOGVR89B54C794O','P07');

-- LAVORA
INSERT INTO lavora(nome, codice_fiscale)
VALUES
('ZA01','RSSSFN87E15A944X'),      -- Addetto Biglietteria
('ZA01','RSOSLV96S46L424B'),      -- Addetto Biglietteria
('ZA01','CRRDRA70R30B452A'),      -- Addetto Biglietteria
('ZA02','BNCFNC79T68F839Q'),
('ZA02','NRELSE93S42D612A'),      -- Amministrativo (uffici)
('ZA02','GLNMTT88S19L736E'),      -- Amministrativo (contabilità/segret.)
('ZA02','MRNLNZ85L07D612M'),      -- Amministrativo (HR/turni)
('ZA02','RVIBNC00S51G273Y'),      -- Supporto direzione (uffici)
('ZA03','BRTVNI73M16C936H'),      -- Responsabile Sicurezza (area amministrativa)
('ZA03','GRORCC87E62L736R'),      -- Custode / sorveglianza (amministrativo)
('ZR02','BLLSRA95D59D612I'),      -- Addetto Negozio -> negozio souvenir (ZR02)
('ZR02','BLLLRA92P67C351H'),      -- Addetto Negozio
('ZR02','SLABRC93B60G337J'),      -- Addetto Negozio (magazzino/riassortimento)
('ZR02','MROPTR76H24C567N'),      -- Addetto Negozio (cassa)
('ZR04','GRCRNI89T54H501Q'),      -- Barista -> bar (ZR04)
('ZR04','BLLLNE91C58A509T'),      -- Barista
('ZR05','FBBCHR91B49G337O'),      -- Responsabile Ristorante -> ristorante (ZR05)
('ZR05','MNCFRC86C30A944D'),      -- Cameriere -> ristorante
('H01','FRRNNA94C63F205V'),       -- manutenzione assegnata anche a habitat (H01)
('H02','NVLLCU89H12H501K'),       -- Guida -> percorsi in habitat H02
('H03','GSTMRC88R10L219C'),       -- Guida -> percorsi in habitat H03
('H04','SLAMTN99M52A271R'),       -- Guida -> percorsi in habitat H04
('H05','LTTNCL81E25L378M'),       -- Guida -> didattica / habitat H05
('H06','PCAVNC89R53G337O'),       -- Guida -> habitat H06
('H07','ZNAGLI96P09F205N'),       -- Guida -> laboratori H07
('H08','LDOGVR89B54C794O'),       -- Guida -> percorsi H08
('H09','SRTVNT96H43H501K'),       -- Veterinario -> assegnato a H09
('H10','CNTDGI88D21F257K'),       -- Custode -> sorveglianza habitat
('H11','FRRRCR79A02G273S'),       -- Addetto Manutenzione -> habitat
('H12','PLMDRD76D11H703S'),       -- Addetto Manutenzione -> habitat
('H13','TSTNGL82A29L830W'),       -- Addetto Manutenzione -> supporto esposizioni
('H14','FRRMRT98T42B354J'),       -- Addetto Manutenzione -> strutture
('ZA01','MRLGRG75A05G273E'),      -- Addetto Accoglienza -> ingresso/biglietteria
('ZA01','RSSNMO98D44F122C'),      -- Addetto Accoglienza -> info point
('ZA01','RNLGLI94A48A794L'),      -- Addetto Accoglienza -> info point
('H15','TSTNGL82A29L830W'),       -- Addetto tecnico (habitat)
('H16','FRRMRT98T42B354J'),       -- Addetto tecnico (habitat)
('H17','PLMDRD76D11H703S'),       -- Addetto tecnico (habitat)
('ZR09','SLABRC93B60G337J'),      -- negozio secondario / chiosco (ZR09)
('ZR10','RSSNMO98D44F122C'),	  -- area ricreativa (zona eventi)
('H18','NREVEA78E45G227P');      


-- MANUTENZIONE
INSERT INTO MANUTENZIONE(nome, data_inizio, data_fine)
VALUES
('ZA01','2025-08-01','2025-08-05'),
('ZA02','2025-08-02','2025-08-06');

-- DIETA
INSERT INTO DIETA(alimento, numero_pasti)
VALUES
('Carne',2),
('Erba',2),
('Frutta',3),
('Verdura',5),
('Pesce',2),
('Foglie',3),
('Insetti',3),
('Dieta_Cucciolo',4),
('Dieta_Medica',4);

-- SPECIE
INSERT INTO SPECIE(nome_scientifico, nome_comune, abitudini, numero_esemplari, nome)
VALUES
('Panthera leo','Leone','Diurno',4,'H01'),
('Elephas maximus','Elefante asiatico','Diurno',3,'H01'),
('Loxodonta africana','Elefante africano','Diurno',2,'H02'),
('Giraffa camelopardalis','Giraffa','Diurno',4,'H02'),
('Equus quagga','Zebra','Diurno',6,'H02'),
('Cervus elaphus','Cervo','Crepuscolare',5,'H03'),
('Rhinoceros unicornis','Rinoceronte indiano','Diurno',2,'H03'),
('Hippopotamus amphibius','Ippopotamo','Notturno',2,'H04'),
('Ursus arctos','Orso bruno','Notturno',3,'H04'),
('Canis lupus','Lupo','Notturno',5,'H05'),
('Struthio camelus','Struzzo','Diurno',3,'H05'),
('Falco peregrinus','Falco pellegrino','Diurno',3,'H06'),
('Spheniscus demersus','Pinguino africano','Diurno',6,'H06'),
('Ailuropoda melanoleuca','Panda gigante','Diurno',1,'H07'),
('Macropus rufus','Canguro rosso','Diurno',4,'H07'),
('Bubo bubo','Gufo reale','Notturno',3,'H08'),
('Phascolarctos cinereus','Koala','Diurno',2,'H08'),
('Panthera tigris','Tigre','Notturno',3,'H09'),
('Gorilla gorilla','Gorilla','Diurno',4,'H09'),
('Vulpes vulpes','Volpe','Crepuscolare',4,'H10'),
('Mephitis mephitis','Puzzola','Notturno',2,'H10'),
('Apteryx australis','Kiwi','Notturno',2,'H11'),
('Phoenicopterus roseus','Fenicottero','Diurno',8,'H11'),
('Atherina presbyter','Sardina','Diurno',10,'H12');


-- ESEMPLARE
INSERT INTO ESEMPLARE(nome, sesso, eta, altezza, peso, malato, alimento, nome_scientifico)
VALUES
('Leo1','M','5','120','200',FALSE,'Carne','Panthera leo'),
('Leo2','F','4','115','180',FALSE,'Carne','Panthera leo'),
('Ele1','F','10','250','5000',FALSE,'Frutta','Elephas maximus'),
('Ele2','M','8','260','5200',FALSE,'Frutta','Elephas maximus'),
('EleAfr1','F','12','300','6000',FALSE,'Verdura','Loxodonta africana'),
('Gira1','M','6','500','800',FALSE,'Verdura','Giraffa camelopardalis'),
('Simba','M',6,120,190,FALSE,'Carne','Panthera leo'),
('Nala','F',5,115,165,FALSE,'Carne','Panthera leo'),
('Mufasa','M',10,130,210,FALSE,'Carne','Panthera leo'),
('Sarabi','F',8,118,180,FALSE,'Carne','Panthera leo'),
('Ananta','F',25,260,4000,FALSE,'Erba','Elephas maximus'),
('Raju','M',30,270,4500,FALSE,'Erba','Elephas maximus'),
('Gita','F',18,255,3800,FALSE,'Erba','Elephas maximus'),
('Kibo','M',22,280,4800,FALSE,'Erba','Loxodonta africana'),
('Asha','F',20,270,4200,FALSE,'Erba','Loxodonta africana'),
('Gina','F',7,520,800,FALSE,'Foglie','Giraffa camelopardalis'),
('Gino','M',9,540,900,FALSE,'Foglie','Giraffa camelopardalis'),
('Luna','F',4,480,600,FALSE,'Foglie','Giraffa camelopardalis'),
('Rex','M',6,500,750,FALSE,'Foglie','Giraffa camelopardalis'),
('Zoe','F',5,140,350,FALSE,'Erba','Equus quagga'),
('Zack','M',6,145,370,FALSE,'Erba','Equus quagga'),
('Stripe1','F',4,138,340,FALSE,'Erba','Equus quagga'),
('Stripe2','M',3,135,330,FALSE,'Erba','Equus quagga'),
('Maya','F',7,150,380,FALSE,'Erba','Equus quagga'),
('Kato','M',2,130,300,FALSE,'Erba','Equus quagga'),
('Eddy','M',4,95,120,FALSE,'Erba','Cervus elaphus'),
('Ella','F',3,90,110,FALSE,'Erba','Cervus elaphus'),
('Roy','M',6,100,130,FALSE,'Erba','Cervus elaphus'),
('Ivy','F',2,85,95,TRUE,'Dieta_Medica','Cervus elaphus'),
('Bea','F',5,92,115,FALSE,'Erba','Cervus elaphus'),
('Rama','F',18,170,2300,FALSE,'Erba','Rhinoceros unicornis'),
('Raju2','M',20,175,2400,FALSE,'Erba','Rhinoceros unicornis'),
('Hector','M',12,150,1500,FALSE,'Erba','Hippopotamus amphibius'),
('Hera','F',10,145,1400,FALSE,'Erba','Hippopotamus amphibius'),
('Bruno','M',8,160,250,FALSE,'Carne','Ursus arctos'),
('Bianca','F',6,150,210,FALSE,'Carne','Ursus arctos'),
('Poldo','M',4,140,190,TRUE,'Dieta_Medica','Ursus arctos'),
('Lupo1','M',5,70,40,FALSE,'Carne','Canis lupus'),
('Lupa','F',4,65,35,FALSE,'Carne','Canis lupus'),
('Kira','F',3,60,30,FALSE,'Carne','Canis lupus'),
('Fox','M',2,55,28,FALSE,'Carne','Canis lupus'),
('Grey','M',6,72,42,FALSE,'Carne','Canis lupus'),
('Otis','M',7,220,100,FALSE,'Erba','Struthio camelus'),
('Olga','F',6,210,95,FALSE,'Erba','Struthio camelus'),
('Oli','M',3,190,85,FALSE,'Erba','Struthio camelus'),
('Falko','M',4,40,1.2,FALSE,'Pesce','Falco peregrinus'),
('Peregrine','F',5,38,1.1,FALSE,'Pesce','Falco peregrinus'),
('Swift','M',3,35,1.0,FALSE,'Pesce','Falco peregrinus'),
('Pip','M',3,45,6,FALSE,'Pesce','Spheniscus demersus'),
('Poppy','F',2,43,5.5,FALSE,'Pesce','Spheniscus demersus'),
('Pebble','M',4,46,6.2,FALSE,'Pesce','Spheniscus demersus'),
('Pearl','F',1,40,4.5,FALSE,'Dieta_Cucciolo','Spheniscus demersus'),
('Pico','M',5,47,6.5,FALSE,'Pesce','Spheniscus demersus'),
('Penny','F',3,44,5.8,FALSE,'Pesce','Spheniscus demersus'),
('BaoBao','F',6,75,100,FALSE,'Frutta','Ailuropoda melanoleuca'),
('Roo','M',5,160,85,FALSE,'Erba','Macropus rufus'),
('Kanga','F',7,170,90,FALSE,'Erba','Macropus rufus'),
('Joey','M',1,50,20,FALSE,'Dieta_Cucciolo','Macropus rufus'),
('Red','M',6,165,88,FALSE,'Erba','Macropus rufus'),
('Hoot','M',5,60,3.5,FALSE,'Insetti','Bubo bubo'),
('HeraO','F',4,58,3.3,FALSE,'Insetti','Bubo bubo'),
('Owl2','M',3,55,3.0,FALSE,'Insetti','Bubo bubo'),
('Koko','F',4,60,9,FALSE,'Foglie','Phascolarctos cinereus'),
('Ko','M',6,65,10,FALSE,'Foglie','Phascolarctos cinereus'),
('ShereKhan','M',9,110,220,FALSE,'Carne','Panthera tigris'),
('Tigra','F',7,105,180,FALSE,'Carne','Panthera tigris'),
('Stripe','M',4,100,170,FALSE,'Carne','Panthera tigris'),
('Kong','M',12,170,160,FALSE,'Frutta','Gorilla gorilla'),
('Mimi','F',8,150,90,FALSE,'Frutta','Gorilla gorilla'),
('Gogo','M',6,155,110,FALSE,'Frutta','Gorilla gorilla'),
('Nina','F',5,140,80,FALSE,'Frutta','Gorilla gorilla'),
('Vix','F',3,40,6,FALSE,'Carne','Vulpes vulpes'),
('Red1','M',5,45,7,FALSE,'Carne','Vulpes vulpes'),
('Ruby','F',2,38,5,FALSE,'Carne','Vulpes vulpes'),
('Rusty','M',4,42,6,FALSE,'Carne','Vulpes vulpes'),
('Pepper','M',3,30,2.5,FALSE,'Insetti','Mephitis mephitis'), 
('Pixie','F',2,28,2.2,FALSE,'Insetti','Mephitis mephitis'),
('Kiwi1','M',4,35,2.5,FALSE,'Insetti','Apteryx australis'),
('Kiwi2','F',3,33,2.3,FALSE,'Insetti','Apteryx australis'),
('Flo','F',3,120,2.5,FALSE,'Erba','Phoenicopterus roseus'),
('Fly','F',4,125,2.7,FALSE,'Erba','Phoenicopterus roseus'),
('Foxy','M',2,115,2.3,FALSE,'Erba','Phoenicopterus roseus'),
('Fall','F',5,130,3.0,FALSE,'Erba','Phoenicopterus roseus'),
('Rosy','F',3,118,2.6,FALSE,'Erba','Phoenicopterus roseus'),
('Rico','M',4,122,2.8,FALSE,'Erba','Phoenicopterus roseus'),
('Fio','M',2,110,2.2,FALSE,'Erba','Phoenicopterus roseus'),
('Fla','F',6,135,3.1,FALSE,'Erba','Phoenicopterus roseus'),
('S1','M',1,10,0.02,FALSE,'Pesce','Atherina presbyter'),
('S2','M',1,10,0.02,FALSE,'Pesce','Atherina presbyter'),
('S3','M',1,10,0.02,FALSE,'Pesce','Atherina presbyter'),
('S4','M',1,10,0.02,FALSE,'Pesce','Atherina presbyter'),
('S5','M',1,10,0.02,FALSE,'Pesce','Atherina presbyter'),
('S6','M',1,10,0.02,FALSE,'Pesce','Atherina presbyter'),
('S7','M',1,10,0.02,FALSE,'Pesce','Atherina presbyter'),
('S8','M',1,10,0.02,FALSE,'Pesce','Atherina presbyter'),
('S9','M',1,10,0.02,FALSE,'Pesce','Atherina presbyter'),
('S10','M',1,10,0.02,FALSE,'Pesce','Atherina presbyter');

-- PRODOTTO
INSERT INTO PRODOTTO(codice_prodotto, nome, descrizione, prezzo_unitario)
VALUES
('PR0001','Pallone','Pallone da calcio',10.00),
('PR0002','Acqua 0.5L','Bottiglia dacqua 0.5L',1.50),
('PR0003','Maglietta','Maglietta souvenir',15.00),
('PR0004','Cappello','Cappello souvenir',12.00),
('PR0005','Panino Prosciutto','Panino con prosciutto',4.50),
('PR0006','Gelato Coppetta','Gelato artigianale coppetta',3.00),
('PR0007','Souvenir Magnete','Magnete da frigo tema parco',5.00),
('PR0008','Coca-Cola 0.33L','Lattina Coca-Cola',2.00),
('PR0009','Snack Patatine','Confezione patatine 100g',2.50),
('PR0010','Cappuccino','Caffè cappuccino',2.50),
('PR0011','Borsa Parco','Shop bag con logo',12.00),
('PR0012','Gadget Peluche','Peluche piccolo',8.00),
('PR0013','Panino Vegetariano','Panino con verdure e formaggio',4.80),
('PR0014','Cartolina Parco','Cartolina illustrata del parco',1.00),
('PR0015','Poster Animali','Poster formato A2 con animali',6.00),
('PR0016','Cappellino Bambino','Cappellino con logo (taglia bambino)',9.00),
('PR0017','Cappellino Adulto','Cappellino con logo (taglia adulto)',12.00),
('PR0018','Felpa Parco','Felpa con logo (varie taglie)',28.00),
('PR0019','Tazza Ricordo','Tazza ceramica con disegno animali',8.50),
('PR0020','Portachiavi','Portachiavi metallo smaltato',3.50),
('PR0021','Adesivo Set','Set 5 adesivi a tema parco',2.50),
('PR0022','Borraccia 1L','Borraccia riutilizzabile 1L',10.00),
('PR0023','Zainetto Bimbo','Zainetto leggero per bambini',18.00),
('PR0024','Binocolo Giocattolo','Binocolo giocattolo per bambini',7.00),
('PR0025','Guida Tascabile','Guida del parco 40 pagine',4.00),
('PR0026','Mappa Parco','Mappa illustrata laminata',2.00),
('PR0027','Portafoglio Tela','Portafoglio in tela con logo',9.50),
('PR0028','Braccialetto Silic.','Braccialetto in silicone a tema',1.50),
('PR0029','Magneti Set 3','Set 3 magneti collezione',6.50),
('PR0030','Calendario 2026','Calendario da parete 2026',7.00),
('PR0031','Libro Animali Bambini','Libro illustrato per bambini',11.00),
('PR0032','Puzzle 100pz','Puzzle 100 pezzi animali',9.00),
('PR0033','Gadget Ecologico','Sacchetto biodegradabile con logo',4.50),
('PR0034','Biscotti Artigianali','Confezione 200g biscotti',3.80),
('PR0035','Panino Tacchino','Panino con tacchino e insalata',5.50),
('PR0036','Insalata Box','Box insalata mista (porzione)',6.50),
('PR0037','Wrap Vegetariano','Wrap con verdure e hummus',5.80),
('PR0038','Smoothie Frutta','Smoothie fresco 300ml',4.20),
('PR0039','Birra Analcolica','Birra analcolica 33cl',3.50),
('PR0040','Focaccia Farcita','Focaccia con prosciutto e formaggio',5.00),
('PR0041','Patatine Grandi','Confezione patatine 200g',3.00),
('PR0042','Barretta Energetica','Barretta frutta e cereali',2.20),
('PR0043','Yogurt Parfait','Yogurt con frutta e granola',3.90),
('PR0044','Caffè Espresso','Caffè espresso al banco',1.20),
('PR0045','Caffè Macchiato','Caffè macchiato',1.40),
('PR0046','Cioccolata Calda','Cioccolata calda 250ml',2.80),
('PR0047','Gelato Cono','Gelato artigianale cono',2.50),
('PR0048','Biscotti Senza Glutine','Confezione 150g',4.50),
('PR0049','Kit Primi Soccorsi','Mini kit da viaggio',7.50),
('PR0050','Crema Solare 50ml','Crema solare protettiva 50ml',6.00),
('PR0051','Repellente Zanzare','Spray repellente 75ml',5.50),
('PR0052','Cesto Picnic Small','Cesto picnic small (base)',22.00),
('PR0053','Tovaglietta Bimbo','Tovaglietta per bambini',3.20),
('PR0054','Set Posate Riutil.','Set posate riutilizzabili portatili',5.00),
('PR0055','Lampada Notturna','Lampada LED a forma di animale',14.00),
('PR0056','Spilla Collezione','Spilla smaltata edizione limitata',6.00),
('PR0057','Mappa Magnetica','Mappa magnetica da frigo',4.00),
('PR0058','Corso Foto Voucher','Voucher corso foto 2h',30.00),
('PR0059','Noleggio Passeggino','Noleggio passeggino (giornata)',12.00),
('PR0060','Noleggio Seggiolino','Noleggio seggiolino bimbo',6.00),
('PR0061','Cesto Regalo Medio','Cesto regalo con prodotti locali',35.00),
('PR0062','Porta Documenti','Porta documenti impermeabile',11.00),
('PR0063','Borsa Termica','Borsa termica piccola',16.00);


-- ORDINE
INSERT INTO ORDINE(codice_prodotto, codice_ordine, quantita_acquistata, data, nome)
VALUES
('PR0051','O000001',3,'2025-08-15','ZR11'),
('PR0012','O000002',2,'2025-08-15','ZR02'),
('PR0002','O000003',1,'2025-08-15','ZR04'),
('PR0034','O000004',1,'2025-08-15','ZR04'),
('PR0003','O000005',1,'2025-08-15','ZR08'),
('PR0025','O000006',1,'2025-08-15','ZR03'),
('PR0026','O000007',1,'2025-08-15','ZR08'),
('PR0006','O000008',1,'2025-08-15','ZR09'),
('PR0003','O000009',2,'2025-08-15','ZR06'),
('PR0047','O000010',1,'2025-08-15','ZR04'),
('PR0006','O000011',1,'2025-08-15','ZR09'),
('PR0031','O000012',1,'2025-08-15','ZR03'),
('PR0020','O000013',1,'2025-08-15','ZR11'),
('PR0063','O000014',1,'2025-08-15','ZR02'),
('PR0023','O000015',1,'2025-08-15','ZR07'),
('PR0023','O000016',1,'2025-08-15','ZR07'),
('PR0030','O000017',1,'2025-08-15','ZR06'),
('PR0055','O000018',1,'2025-08-15','ZR02'),
('PR0053','O000019',1,'2025-08-15','ZR01'),
('PR0062','O000020',2,'2025-08-15','ZR12'),
('PR0049','O000021',1,'2025-08-15','ZR06'),
('PR0063','O000022',3,'2025-08-15','ZR11'),
('PR0024','O000023',2,'2025-08-15','ZR07'),
('PR0016','O000024',1,'2025-08-15','ZR01'),
('PR0015','O000025',2,'2025-08-15','ZR03'),
('PR0012','O000026',1,'2025-08-15','ZR02'),
('PR0060','O000027',1,'2025-08-15','ZR01'),
('PR0038','O000028',2,'2025-08-15','ZR05'),
('PR0042','O000029',1,'2025-08-15','ZR09'),
('PR0045','O000030',1,'2025-08-15','ZR10'),
('PR0001','O000031',1,'2025-08-15','ZR06'),
('PR0032','O000032',1,'2025-08-15','ZR03'),
('PR0008','O000033',1,'2025-08-15','ZR04'),
('PR0027','O000034',1,'2025-08-15','ZR08'),
('PR0026','O000035',1,'2025-08-15','ZR12'),
('PR0017','O000036',1,'2025-08-16','ZR06'),
('PR0008','O000037',1,'2025-08-16','ZR04'),
('PR0022','O000038',1,'2025-08-16','ZR03'),
('PR0049','O000039',1,'2025-08-16','ZR07'),
('PR0021','O000040',1,'2025-08-16','ZR01'),
('PR0052','O000041',1,'2025-08-16','ZR02'),
('PR0026','O000042',1,'2025-08-16','ZR12'),
('PR0001','O000043',1,'2025-08-16','ZR01'),
('PR0026','O000044',2,'2025-08-16','ZR07'),
('PR0012','O000045',1,'2025-08-16','ZR08'),
('PR0051','O000046',1,'2025-08-16','ZR03'),
('PR0036','O000047',1,'2025-08-16','ZR05'),
('PR0057','O000048',1,'2025-08-16','ZR01'),
('PR0047','O000049',1,'2025-08-16','ZR09'),
('PR0019','O000050',1,'2025-08-16','ZR06'),
('PR0054','O000051',1,'2025-08-16','ZR02'),
('PR0061','O000052',1,'2025-08-16','ZR08'),
('PR0029','O000053',1,'2025-08-16','ZR01'),
('PR0005','O000054',3,'2025-08-16','ZR09'),
('PR0009','O000055',2,'2025-08-16','ZR06'),
('PR0034','O000056',1,'2025-08-16','ZR10'),
('PR0009','O000057',1,'2025-08-16','ZR12'),
('PR0052','O000058',1,'2025-08-16','ZR07'),
('PR0014','O000059',1,'2025-08-16','ZR01'),
('PR0019','O000060',1,'2025-08-16','ZR06'),
('PR0014','O000061',1,'2025-08-16','ZR03'),
('PR0012','O000062',1,'2025-08-16','ZR02'),
('PR0004','O000063',1,'2025-08-16','ZR08'),
('PR0005','O000064',1,'2025-08-16','ZR04'),
('PR0037','O000065',1,'2025-08-16','ZR05'),
('PR0053','O000066',1,'2025-08-16','ZR06'),
('PR0023','O000067',1,'2025-08-16','ZR12'),
('PR0006','O000068',1,'2025-08-16','ZR09'),
('PR0050','O000069',1,'2025-08-17','ZR01'),
('PR0049','O000070',1,'2025-08-17','ZR01'),
('PR0034','O000071',1,'2025-08-17','ZR09'),
('PR0013','O000072',1,'2025-08-17','ZR03'),
('PR0054','O000073',1,'2025-08-17','ZR08'),
('PR0060','O000074',2,'2025-08-17','ZR03'),
('PR0010','O000075',1,'2025-08-17','ZR08'),
('PR0036','O000076',2,'2025-08-17','ZR05'),
('PR0019','O000077',1,'2025-08-17','ZR01'),
('PR0004','O000078',1,'2025-08-17','ZR12'),
('PR0056','O000079',1,'2025-08-17','ZR11'),
('PR0037','O000080',1,'2025-08-17','ZR05'),
('PR0004','O000081',1,'2025-08-17','ZR07'),
('PR0042','O000082',2,'2025-08-17','ZR05'),
('PR0037','O000083',1,'2025-08-17','ZR09'),
('PR0037','O000084',1,'2025-08-17','ZR05'),
('PR0042','O000085',1,'2025-08-17','ZR04'),
('PR0013','O000086',1,'2025-08-17','ZR12'),
('PR0060','O000087',2,'2025-08-17','ZR03'),
('PR0049','O000088',1,'2025-08-17','ZR01'),
('PR0053','O000089',1,'2025-08-17','ZR06'),
('PR0047','O000090',1,'2025-08-17','ZR10'),
('PR0059','O000091',1,'2025-08-17','ZR12'),
('PR0043','O000092',1,'2025-08-17','ZR10'),
('PR0002','O000093',1,'2025-08-17','ZR04'),
('PR0028','O000094',1,'2025-08-17','ZR06'),
('PR0020','O000095',1,'2025-08-17','ZR11'),
('PR0006','O000096',1,'2025-08-17','ZR05'),
('PR0004','O000097',1,'2025-08-17','ZR08'),
('PR0027','O000098',1,'2025-08-17','ZR06'),
('PR0029','O000099',2,'2025-08-17','ZR06'),
('PR0005','O000100',2,'2025-08-17','ZR10'),
('PR0027','O000101',2,'2025-08-17','ZR03'),
('PR0014','O000102',1,'2025-08-18','ZR08'),
('PR0035','O000103',1,'2025-08-18','ZR04'),
('PR0023','O000104',1,'2025-08-18','ZR01'),
('PR0017','O000105',1,'2025-08-18','ZR11'),
('PR0031','O000106',1,'2025-08-18','ZR08'),
('PR0055','O000107',2,'2025-08-18','ZR07'),
('PR0039','O000108',1,'2025-08-18','ZR04'),
('PR0010','O000109',1,'2025-08-18','ZR11'),
('PR0010','O000110',1,'2025-08-18','ZR12'),
('PR0052','O000111',1,'2025-08-18','ZR07'),
('PR0029','O000112',1,'2025-08-18','ZR03'),
('PR0058','O000113',1,'2025-08-18','ZR01'),
('PR0060','O000114',2,'2025-08-18','ZR12'),
('PR0038','O000115',1,'2025-08-18','ZR05'),
('PR0062','O000116',1,'2025-08-18','ZR03'),
('PR0050','O000117',1,'2025-08-18','ZR03'),
('PR0039','O000118',1,'2025-08-18','ZR09'),
('PR0032','O000119',1,'2025-08-18','ZR02'),
('PR0049','O000120',1,'2025-08-18','ZR03'),
('PR0050','O000121',1,'2025-08-18','ZR11'),
('PR0061','O000122',1,'2025-08-18','ZR06'),
('PR0038','O000123',2,'2025-08-18','ZR10'),
('PR0062','O000124',1,'2025-08-18','ZR07'),
('PR0048','O000125',1,'2025-08-18','ZR05'),
('PR0005','O000126',1,'2025-08-18','ZR10'),
('PR0017','O000127',1,'2025-08-18','ZR02'),
('PR0027','O000128',2,'2025-08-18','ZR08'),
('PR0007','O000129',1,'2025-08-18','ZR11'),
('PR0020','O000130',1,'2025-08-18','ZR01'),
('PR0062','O000131',1,'2025-08-18','ZR06'),
('PR0004','O000132',1,'2025-08-18','ZR01'),
('PR0007','O000133',1,'2025-08-18','ZR01'),
('PR0018','O000134',1,'2025-08-18','ZR11'),
('PR0042','O000135',1,'2025-08-19','ZR09'),
('PR0012','O000136',2,'2025-08-19','ZR11'),
('PR0016','O000137',1,'2025-08-19','ZR07'),
('PR0053','O000138',1,'2025-08-19','ZR07'),
('PR0044','O000139',1,'2025-08-19','ZR10'),
('PR0047','O000140',1,'2025-08-19','ZR10'),
('PR0015','O000141',1,'2025-08-19','ZR02'),
('PR0001','O000142',1,'2025-08-19','ZR07'),
('PR0043','O000143',1,'2025-08-19','ZR04'),
('PR0015','O000144',1,'2025-08-19','ZR06'),
('PR0016','O000145',1,'2025-08-19','ZR12'),
('PR0046','O000146',1,'2025-08-19','ZR09'),
('PR0047','O000147',1,'2025-08-19','ZR10'),
('PR0045','O000148',2,'2025-08-19','ZR10'),
('PR0029','O000149',2,'2025-08-19','ZR07'),
('PR0056','O000150',1,'2025-08-19','ZR06'),
('PR0019','O000151',1,'2025-08-19','ZR01'),
('PR0033','O000152',2,'2025-08-19','ZR01'),
('PR0053','O000153',2,'2025-08-19','ZR01'),
('PR0039','O000154',1,'2025-08-19','ZR04'),
('PR0027','O000155',2,'2025-08-19','ZR01'),
('PR0030','O000156',1,'2025-08-20','ZR08'),
('PR0061','O000157',1,'2025-08-20','ZR11'),
('PR0037','O000158',1,'2025-08-20','ZR05'),
('PR0041','O000159',1,'2025-08-20','ZR05'),
('PR0050','O000160',1,'2025-08-20','ZR07'),
('PR0058','O000161',1,'2025-08-20','ZR02'),
('PR0029','O000162',1,'2025-08-20','ZR06'),
('PR0032','O000163',2,'2025-08-20','ZR02'),
('PR0034','O000164',1,'2025-08-20','ZR10'),
('PR0054','O000165',1,'2025-08-20','ZR07'),
('PR0040','O000166',1,'2025-08-20','ZR04'),
('PR0021','O000167',1,'2025-08-20','ZR11'),
('PR0017','O000168',1,'2025-08-20','ZR02'),
('PR0038','O000169',1,'2025-08-20','ZR10'),
('PR0006','O000170',2,'2025-08-20','ZR04'),
('PR0013','O000171',1,'2025-08-20','ZR11'),
('PR0018','O000172',1,'2025-08-20','ZR07'),
('PR0010','O000173',1,'2025-08-20','ZR08'),
('PR0026','O000174',1,'2025-08-20','ZR02'),
('PR0025','O000175',1,'2025-08-20','ZR02'),
('PR0006','O000176',1,'2025-08-20','ZR04'),
('PR0050','O000177',1,'2025-08-20','ZR07'),
('PR0041','O000178',1,'2025-08-20','ZR04'),
('PR0046','O000179',2,'2025-08-20','ZR09'),
('PR0004','O000180',2,'2025-08-20','ZR08'),
('PR0014','O000181',1,'2025-08-20','ZR07'),
('PR0053','O000182',2,'2025-08-21','ZR11'),
('PR0051','O000183',1,'2025-08-21','ZR01'),
('PR0003','O000184',1,'2025-08-21','ZR03'),
('PR0036','O000185',1,'2025-08-21','ZR04'),
('PR0035','O000186',1,'2025-08-21','ZR05'),
('PR0033','O000187',1,'2025-08-21','ZR02'),
('PR0010','O000188',1,'2025-08-21','ZR03'),
('PR0011','O000189',3,'2025-08-21','ZR08'),
('PR0032','O000190',2,'2025-08-21','ZR01'),
('PR0025','O000191',2,'2025-08-21','ZR11'),
('PR0018','O000192',1,'2025-08-21','ZR08'),
('PR0005','O000193',1,'2025-08-21','ZR04'),
('PR0051','O000194',1,'2025-08-21','ZR08'),
('PR0012','O000195',1,'2025-08-21','ZR01'),
('PR0027','O000196',2,'2025-08-21','ZR02'),
('PR0057','O000197',1,'2025-08-21','ZR03'),
('PR0005','O000198',1,'2025-08-21','ZR09'),
('PR0052','O000199',2,'2025-08-21','ZR06'),
('PR0039','O000200',1,'2025-08-21','ZR10'),
('PR0033','O000201',1,'2025-08-21','ZR06'),
('PR0048','O000202',1,'2025-08-22','ZR04'),
('PR0042','O000203',1,'2025-08-22','ZR05'),
('PR0029','O000204',1,'2025-08-22','ZR02'),
('PR0031','O000205',1,'2025-08-22','ZR02'),
('PR0040','O000206',1,'2025-08-22','ZR05'),
('PR0063','O000207',2,'2025-08-22','ZR06'),
('PR0022','O000208',1,'2025-08-22','ZR02'),
('PR0029','O000209',1,'2025-08-22','ZR03'),
('PR0027','O000210',1,'2025-08-22','ZR01'),
('PR0023','O000211',1,'2025-08-22','ZR06'),
('PR0030','O000212',1,'2025-08-22','ZR07'),
('PR0033','O000213',1,'2025-08-22','ZR11'),
('PR0045','O000214',1,'2025-08-22','ZR10'),
('PR0063','O000215',1,'2025-08-22','ZR03'),
('PR0007','O000216',1,'2025-08-22','ZR08'),
('PR0044','O000217',1,'2025-08-22','ZR04'),
('PR0060','O000218',1,'2025-08-22','ZR12'),
('PR0009','O000219',1,'2025-08-22','ZR01'),
('PR0032','O000220',1,'2025-08-22','ZR07'),
('PR0033','O000221',2,'2025-08-22','ZR08'),
('PR0055','O000222',1,'2025-08-22','ZR02'),
('PR0055','O000223',1,'2025-08-22','ZR12'),
('PR0040','O000224',1,'2025-08-22','ZR05'),
('PR0042','O000225',1,'2025-08-22','ZR05'),
('PR0051','O000226',1,'2025-08-22','ZR02'),
('PR0062','O000227',1,'2025-08-22','ZR12'),
('PR0044','O000228',1,'2025-08-22','ZR10'),
('PR0062','O000229',1,'2025-08-22','ZR11'),
('PR0055','O000230',1,'2025-08-22','ZR08'),
('PR0006','O000231',1,'2025-08-22','ZR05'),
('PR0055','O000232',1,'2025-08-23','ZR08'),
('PR0004','O000233',1,'2025-08-23','ZR01'),
('PR0015','O000234',1,'2025-08-23','ZR08'),
('PR0042','O000235',1,'2025-08-23','ZR10'),
('PR0007','O000236',1,'2025-08-23','ZR08'),
('PR0041','O000237',1,'2025-08-23','ZR04'),
('PR0029','O000238',1,'2025-08-23','ZR11'),
('PR0037','O000239',1,'2025-08-23','ZR10'),
('PR0061','O000240',1,'2025-08-23','ZR08'),
('PR0047','O000241',1,'2025-08-23','ZR09'),
('PR0057','O000242',1,'2025-08-23','ZR03'),
('PR0030','O000243',2,'2025-08-23','ZR08'),
('PR0011','O000244',1,'2025-08-23','ZR02'),
('PR0008','O000245',1,'2025-08-23','ZR04'),
('PR0044','O000246',2,'2025-08-23','ZR04'),
('PR0043','O000247',1,'2025-08-23','ZR10'),
('PR0020','O000248',1,'2025-08-23','ZR11'),
('PR0048','O000249',1,'2025-08-23','ZR04'),
('PR0058','O000250',1,'2025-08-23','ZR03'),
('PR0028','O000251',2,'2025-08-23','ZR02'),
('PR0059','O000252',1,'2025-08-23','ZR08'),
('PR0027','O000253',1,'2025-08-23','ZR02'),
('PR0044','O000254',1,'2025-08-23','ZR05'),
('PR0018','O000255',1,'2025-08-23','ZR03'),
('PR0059','O000256',1,'2025-08-23','ZR02'),
('PR0007','O000257',1,'2025-08-23','ZR12'),
('PR0006','O000258',3,'2025-08-23','ZR09'),
('PR0018','O000259',1,'2025-08-23','ZR12'),
('PR0050','O000260',1,'2025-08-23','ZR06'),
('PR0048','O000261',1,'2025-08-23','ZR05'),
('PR0007','O000262',2,'2025-08-23','ZR02'),
('PR0056','O000263',1,'2025-08-24','ZR08'),
('PR0039','O000264',1,'2025-08-24','ZR09'),
('PR0021','O000265',1,'2025-08-24','ZR03'),
('PR0026','O000266',1,'2025-08-24','ZR12'),
('PR0027','O000267',1,'2025-08-24','ZR02'),
('PR0029','O000268',2,'2025-08-24','ZR07'),
('PR0013','O000269',1,'2025-08-24','ZR03'),
('PR0055','O000270',1,'2025-08-24','ZR08'),
('PR0051','O000271',1,'2025-08-24','ZR01'),
('PR0050','O000272',1,'2025-08-24','ZR12'),
('PR0015','O000273',1,'2025-08-24','ZR01'),
('PR0058','O000274',2,'2025-08-24','ZR12'),
('PR0018','O000275',2,'2025-08-24','ZR02'),
('PR0013','O000276',2,'2025-08-24','ZR11'),
('PR0008','O000277',1,'2025-08-24','ZR09'),
('PR0011','O000278',1,'2025-08-24','ZR03'),
('PR0017','O000279',1,'2025-08-24','ZR12'),
('PR0001','O000280',2,'2025-08-24','ZR02'),
('PR0042','O000281',1,'2025-08-24','ZR10'),
('PR0034','O000282',1,'2025-08-24','ZR09'),
('PR0026','O000283',1,'2025-08-24','ZR07'),
('PR0032','O000284',1,'2025-08-24','ZR06'),
('PR0010','O000285',2,'2025-08-24','ZR11'),
('PR0013','O000286',1,'2025-08-24','ZR06'),
('PR0044','O000287',1,'2025-08-24','ZR05'),
('PR0034','O000288',2,'2025-08-24','ZR04'),
('PR0063','O000289',1,'2025-08-24','ZR06'),
('PR0060','O000290',1,'2025-08-24','ZR01'),
('PR0042','O000291',1,'2025-08-24','ZR09'),
('PR0024','O000292',2,'2025-08-24','ZR03'),
('PR0034','O000293',1,'2025-08-24','ZR05'),
('PR0039','O000294',1,'2025-08-24','ZR05'),
('PR0044','O000295',1,'2025-08-24','ZR09'),
('PR0048','O000296',2,'2025-08-25','ZR09'),
('PR0039','O000297',1,'2025-08-25','ZR04'),
('PR0048','O000298',1,'2025-08-25','ZR10'),
('PR0011','O000299',1,'2025-08-25','ZR01'),
('PR0009','O000300',1,'2025-08-25','ZR11'),
('PR0052','O000301',2,'2025-08-25','ZR07'),
('PR0041','O000302',1,'2025-08-25','ZR10'),
('PR0047','O000303',1,'2025-08-25','ZR04'),
('PR0004','O000304',1,'2025-08-25','ZR07'),
('PR0057','O000305',1,'2025-08-25','ZR06'),
('PR0012','O000306',1,'2025-08-25','ZR12'),
('PR0034','O000307',1,'2025-08-25','ZR10'),
('PR0057','O000308',1,'2025-08-25','ZR03'),
('PR0035','O000309',1,'2025-08-25','ZR05'),
('PR0010','O000310',2,'2025-08-25','ZR01'),
('PR0025','O000311',2,'2025-08-25','ZR02'),
('PR0055','O000312',2,'2025-08-25','ZR01'),
('PR0009','O000313',2,'2025-08-25','ZR03'),
('PR0042','O000314',1,'2025-08-25','ZR05'),
('PR0056','O000315',2,'2025-08-25','ZR07'),
('PR0033','O000316',3,'2025-08-25','ZR07'),
('PR0047','O000317',1,'2025-08-25','ZR09'),
('PR0029','O000318',1,'2025-08-25','ZR02'),
('PR0016','O000319',1,'2025-08-25','ZR11'),
('PR0055','O000320',1,'2025-08-25','ZR03'),
('PR0052','O000321',1,'2025-08-25','ZR11'),
('PR0019','O000322',2,'2025-08-25','ZR02'),
('PR0040','O000323',1,'2025-08-25','ZR09'),
('PR0062','O000324',1,'2025-08-25','ZR08'),
('PR0037','O000325',1,'2025-08-25','ZR04'),
('PR0041','O000326',1,'2025-08-26','ZR05'),
('PR0013','O000327',1,'2025-08-26','ZR07'),
('PR0034','O000328',1,'2025-08-26','ZR05'),
('PR0043','O000329',1,'2025-08-26','ZR09'),
('PR0054','O000330',1,'2025-08-26','ZR07'),
('PR0015','O000331',1,'2025-08-26','ZR01'),
('PR0040','O000332',1,'2025-08-26','ZR09'),
('PR0021','O000333',1,'2025-08-26','ZR01'),
('PR0018','O000334',1,'2025-08-26','ZR01'),
('PR0038','O000335',1,'2025-08-26','ZR09'),
('PR0018','O000336',1,'2025-08-26','ZR06'),
('PR0061','O000337',1,'2025-08-26','ZR02'),
('PR0052','O000338',1,'2025-08-26','ZR12'),
('PR0031','O000339',1,'2025-08-26','ZR03'),
('PR0046','O000340',1,'2025-08-26','ZR04'),
('PR0027','O000341',1,'2025-08-26','ZR02'),
('PR0016','O000342',1,'2025-08-26','ZR12'),
('PR0059','O000343',1,'2025-08-26','ZR06'),
('PR0028','O000344',1,'2025-08-26','ZR07'),
('PR0044','O000345',1,'2025-08-26','ZR05'),
('PR0013','O000346',1,'2025-08-26','ZR01'),
('PR0048','O000347',3,'2025-08-26','ZR04'),
('PR0008','O000348',1,'2025-08-26','ZR04'),
('PR0019','O000349',2,'2025-08-26','ZR02'),
('PR0046','O000350',1,'2025-08-26','ZR05'),
('PR0017','O000351',1,'2025-08-26','ZR08'),
('PR0054','O000352',3,'2025-08-27','ZR12'),
('PR0007','O000353',1,'2025-08-27','ZR07'),
('PR0049','O000354',1,'2025-08-27','ZR03'),
('PR0005','O000355',1,'2025-08-27','ZR04'),
('PR0038','O000356',1,'2025-08-27','ZR09'),
('PR0003','O000357',1,'2025-08-27','ZR07'),
('PR0020','O000358',1,'2025-08-27','ZR03'),
('PR0061','O000359',1,'2025-08-27','ZR08'),
('PR0037','O000360',1,'2025-08-27','ZR05'),
('PR0012','O000361',1,'2025-08-27','ZR03'),
('PR0050','O000362',1,'2025-08-27','ZR02'),
('PR0019','O000363',1,'2025-08-27','ZR01'),
('PR0003','O000364',1,'2025-08-27','ZR08'),
('PR0037','O000365',1,'2025-08-27','ZR09'),
('PR0051','O000366',1,'2025-08-27','ZR06'),
('PR0026','O000367',1,'2025-08-27','ZR12'),
('PR0031','O000368',2,'2025-08-27','ZR12'),
('PR0052','O000369',1,'2025-08-27','ZR12'),
('PR0055','O000370',1,'2025-08-27','ZR01'),
('PR0005','O000371',1,'2025-08-27','ZR04'),
('PR0020','O000372',1,'2025-08-27','ZR06'),
('PR0041','O000373',1,'2025-08-27','ZR05'),
('PR0058','O000374',2,'2025-08-27','ZR12'),
('PR0031','O000375',1,'2025-08-27','ZR12'),
('PR0056','O000376',1,'2025-08-27','ZR12'),
('PR0062','O000377',2,'2025-08-27','ZR11'),
('PR0029','O000378',2,'2025-08-27','ZR11'),
('PR0021','O000379',1,'2025-08-27','ZR03'),
('PR0033','O000380',3,'2025-08-27','ZR01'),
('PR0061','O000381',1,'2025-08-27','ZR12'),
('PR0050','O000382',1,'2025-08-27','ZR03'),
('PR0045','O000383',1,'2025-08-27','ZR05'),
('PR0017','O000384',1,'2025-08-28','ZR02'),
('PR0052','O000385',1,'2025-08-28','ZR11'),
('PR0040','O000386',1,'2025-08-28','ZR10'),
('PR0033','O000387',1,'2025-08-28','ZR08'),
('PR0044','O000388',1,'2025-08-28','ZR05'),
('PR0041','O000389',2,'2025-08-28','ZR10'),
('PR0032','O000390',1,'2025-08-28','ZR06'),
('PR0037','O000391',1,'2025-08-28','ZR05'),
('PR0050','O000392',1,'2025-08-28','ZR11'),
('PR0028','O000393',2,'2025-08-28','ZR02'),
('PR0025','O000394',1,'2025-08-28','ZR07'),
('PR0022','O000395',1,'2025-08-28','ZR07'),
('PR0029','O000396',2,'2025-08-28','ZR03'),
('PR0024','O000397',2,'2025-08-28','ZR12'),
('PR0056','O000398',2,'2025-08-28','ZR01'),
('PR0033','O000399',1,'2025-08-28','ZR03'),
('PR0014','O000400',1,'2025-08-28','ZR03'),
('PR0002','O000401',1,'2025-08-28','ZR09'),
('PR0049','O000402',2,'2025-08-28','ZR12'),
('PR0034','O000403',1,'2025-08-28','ZR10'),
('PR0001','O000404',2,'2025-08-28','ZR03'),
('PR0022','O000405',1,'2025-08-28','ZR02'),
('PR0014','O000406',1,'2025-08-28','ZR03'),
('PR0052','O000407',2,'2025-08-28','ZR08'),
('PR0007','O000408',2,'2025-08-29','ZR03'),
('PR0001','O000409',2,'2025-08-29','ZR07'),
('PR0021','O000410',1,'2025-08-29','ZR01'),
('PR0051','O000411',1,'2025-08-29','ZR12'),
('PR0028','O000412',2,'2025-08-29','ZR06'),
('PR0013','O000413',2,'2025-08-29','ZR01'),
('PR0047','O000414',1,'2025-08-29','ZR09'),
('PR0062','O000415',1,'2025-08-29','ZR01'),
('PR0008','O000416',1,'2025-08-29','ZR05'),
('PR0003','O000417',1,'2025-08-29','ZR12'),
('PR0052','O000418',1,'2025-08-29','ZR02'),
('PR0006','O000419',1,'2025-08-29','ZR10'),
('PR0013','O000420',1,'2025-08-29','ZR07'),
('PR0011','O000421',1,'2025-08-29','ZR11'),
('PR0049','O000422',1,'2025-08-29','ZR06'),
('PR0007','O000423',1,'2025-08-29','ZR11'),
('PR0042','O000424',1,'2025-08-29','ZR09'),
('PR0042','O000425',1,'2025-08-29','ZR10'),
('PR0046','O000426',1,'2025-08-29','ZR09'),
('PR0055','O000427',1,'2025-08-29','ZR02'),
('PR0041','O000428',1,'2025-08-29','ZR10'),
('PR0023','O000429',1,'2025-08-29','ZR01'),
('PR0057','O000430',3,'2025-08-29','ZR02'),
('PR0016','O000431',1,'2025-08-29','ZR07'),
('PR0040','O000432',1,'2025-08-30','ZR09'),
('PR0061','O000433',1,'2025-08-30','ZR08'),
('PR0057','O000434',2,'2025-08-30','ZR01'),
('PR0054','O000435',1,'2025-08-30','ZR02'),
('PR0038','O000436',3,'2025-08-30','ZR10'),
('PR0004','O000437',1,'2025-08-30','ZR01'),
('PR0039','O000438',1,'2025-08-30','ZR10'),
('PR0007','O000439',1,'2025-08-30','ZR08'),
('PR0046','O000440',1,'2025-08-30','ZR05'),
('PR0019','O000441',1,'2025-08-30','ZR08'),
('PR0060','O000442',3,'2025-08-30','ZR06'),
('PR0053','O000443',1,'2025-08-30','ZR03'),
('PR0060','O000444',1,'2025-08-30','ZR02'),
('PR0015','O000445',1,'2025-08-30','ZR07'),
('PR0017','O000446',1,'2025-08-30','ZR12'),
('PR0052','O000447',1,'2025-08-30','ZR07'),
('PR0036','O000448',1,'2025-08-30','ZR04'),
('PR0021','O000449',1,'2025-08-30','ZR08'),
('PR0024','O000450',1,'2025-08-30','ZR01'),
('PR0038','O000451',1,'2025-08-30','ZR04'),
('PR0016','O000452',3,'2025-08-30','ZR01'),
('PR0003','O000453',1,'2025-08-30','ZR03'),
('PR0028','O000454',2,'2025-08-30','ZR06'),
('PR0055','O000455',1,'2025-08-30','ZR08'),
('PR0003','O000456',1,'2025-08-30','ZR11'),
('PR0007','O000457',1,'2025-08-30','ZR03'),
('PR0038','O000458',1,'2025-08-30','ZR05'),
('PR0011','O000459',1,'2025-08-30','ZR06'),
('PR0060','O000460',1,'2025-08-30','ZR01'),
('PR0029','O000461',1,'2025-08-30','ZR08'),
('PR0044','O000462',1,'2025-08-30','ZR10'),
('PR0045','O000463',1,'2025-08-31','ZR05'),
('PR0014','O000464',1,'2025-08-31','ZR03'),
('PR0037','O000465',1,'2025-08-31','ZR09'),
('PR0060','O000466',1,'2025-08-31','ZR11'),
('PR0027','O000467',1,'2025-08-31','ZR08'),
('PR0058','O000468',1,'2025-08-31','ZR08'),
('PR0020','O000469',1,'2025-08-31','ZR07'),
('PR0051','O000470',1,'2025-08-31','ZR03'),
('PR0035','O000471',1,'2025-08-31','ZR05'),
('PR0023','O000472',2,'2025-08-31','ZR06'),
('PR0018','O000473',1,'2025-08-31','ZR07'),
('PR0061','O000474',2,'2025-08-31','ZR06'),
('PR0011','O000475',1,'2025-08-31','ZR03'),
('PR0023','O000476',1,'2025-08-31','ZR11'),
('PR0040','O000477',1,'2025-08-31','ZR09'),
('PR0030','O000478',1,'2025-08-31','ZR03'),
('PR0062','O000479',1,'2025-08-31','ZR06'),
('PR0062','O000480',1,'2025-08-31','ZR11'),
('PR0039','O000481',1,'2025-08-31','ZR10'),
('PR0018','O000482',1,'2025-08-31','ZR03'),
('PR0055','O000483',2,'2025-08-31','ZR12'),
('PR0038','O000484',1,'2025-08-31','ZR09'),
('PR0026','O000485',1,'2025-08-31','ZR02'),
('PR0062','O000486',1,'2025-08-31','ZR03'),
('PR0007','O000487',1,'2025-08-31','ZR03'),
('PR0013','O000488',2,'2025-08-31','ZR03'),
('PR0015','O000489',1,'2025-08-31','ZR11'),
('PR0056','O000490',1,'2025-08-31','ZR01'),
('PR0012','O000491',1,'2025-08-31','ZR12'),
('PR0017','O000492',1,'2025-08-31','ZR01'),
('PR0047','O000493',2,'2025-08-31','ZR10'),
('PR0057','O000494',1,'2025-08-31','ZR11'),
('PR0034','O000495',1,'2025-08-31','ZR04'),
('PR0008','O000496',1,'2025-08-31','ZR04'),
('PR0011','O000497',1,'2025-08-01','ZR01'),
('PR0036','O000498',1,'2025-08-01','ZR09'),
('PR0058','O000499',1,'2025-08-01','ZR07'),
('PR0006','O000500',1,'2025-08-01','ZR04'),
('PR0020','O000501',1,'2025-08-01','ZR07'),
('PR0020','O000502',1,'2025-08-01','ZR08'),
('PR0013','O000503',1,'2025-08-01','ZR12'),
('PR0024','O000504',2,'2025-08-01','ZR06'),
('PR0026','O000505',1,'2025-08-01','ZR11'),
('PR0047','O000506',1,'2025-08-01','ZR05'),
('PR0036','O000507',2,'2025-08-01','ZR05'),
('PR0034','O000508',1,'2025-08-01','ZR04'),
('PR0022','O000509',1,'2025-08-01','ZR02'),
('PR0059','O000510',1,'2025-08-01','ZR06'),
('PR0006','O000511',1,'2025-08-01','ZR04'),
('PR0053','O000512',1,'2025-08-01','ZR03'),
('PR0039','O000513',1,'2025-08-01','ZR09'),
('PR0063','O000514',3,'2025-08-01','ZR08'),
('PR0036','O000515',1,'2025-08-01','ZR05'),
('PR0048','O000516',1,'2025-08-01','ZR09'),
('PR0032','O000517',1,'2025-08-01','ZR08'),
('PR0035','O000518',1,'2025-08-01','ZR10'),
('PR0015','O000519',1,'2025-08-01','ZR08'),
('PR0044','O000520',1,'2025-08-01','ZR09'),
('PR0033','O000521',1,'2025-08-01','ZR12'),
('PR0030','O000522',1,'2025-08-01','ZR03'),
('PR0017','O000523',1,'2025-08-01','ZR12'),
('PR0048','O000524',1,'2025-08-01','ZR10'),
('PR0058','O000525',1,'2025-08-01','ZR01'),
('PR0029','O000526',1,'2025-08-01','ZR03'),
('PR0006','O000527',1,'2025-08-02','ZR05'),
('PR0051','O000528',1,'2025-08-02','ZR02'),
('PR0055','O000529',1,'2025-08-02','ZR12'),
('PR0011','O000530',1,'2025-08-02','ZR01'),
('PR0005','O000531',1,'2025-08-02','ZR10'),
('PR0006','O000532',1,'2025-08-02','ZR09'),
('PR0041','O000533',1,'2025-08-02','ZR05'),
('PR0013','O000534',1,'2025-08-02','ZR06'),
('PR0060','O000535',2,'2025-08-02','ZR02'),
('PR0009','O000536',1,'2025-08-02','ZR06'),
('PR0025','O000537',1,'2025-08-02','ZR03'),
('PR0057','O000538',1,'2025-08-02','ZR12'),
('PR0059','O000539',1,'2025-08-02','ZR12'),
('PR0044','O000540',1,'2025-08-02','ZR04'),
('PR0026','O000541',2,'2025-08-02','ZR11'),
('PR0040','O000542',2,'2025-08-02','ZR04'),
('PR0038','O000543',3,'2025-08-02','ZR04'),
('PR0024','O000544',1,'2025-08-02','ZR06'),
('PR0039','O000545',1,'2025-08-02','ZR10'),
('PR0001','O000546',1,'2025-08-02','ZR03'),
('PR0055','O000547',1,'2025-08-03','ZR07'),
('PR0033','O000548',1,'2025-08-03','ZR02'),
('PR0061','O000549',1,'2025-08-03','ZR06'),
('PR0028','O000550',1,'2025-08-03','ZR12'),
('PR0003','O000551',1,'2025-08-03','ZR01'),
('PR0016','O000552',1,'2025-08-03','ZR07'),
('PR0059','O000553',1,'2025-08-03','ZR02'),
('PR0061','O000554',1,'2025-08-03','ZR06'),
('PR0010','O000555',2,'2025-08-03','ZR06'),
('PR0026','O000556',2,'2025-08-03','ZR03'),
('PR0039','O000557',1,'2025-08-03','ZR04'),
('PR0039','O000558',1,'2025-08-03','ZR09'),
('PR0021','O000559',1,'2025-08-03','ZR07'),
('PR0061','O000560',2,'2025-08-03','ZR02'),
('PR0006','O000561',1,'2025-08-03','ZR04'),
('PR0003','O000562',1,'2025-08-03','ZR06'),
('PR0034','O000563',1,'2025-08-03','ZR04'),
('PR0013','O000564',2,'2025-08-03','ZR11'),
('PR0052','O000565',1,'2025-08-03','ZR03'),
('PR0018','O000566',1,'2025-08-03','ZR12'),
('PR0058','O000567',1,'2025-08-03','ZR02'),
('PR0054','O000568',1,'2025-08-03','ZR08'),
('PR0019','O000569',1,'2025-08-03','ZR01'),
('PR0046','O000570',1,'2025-08-03','ZR10'),
('PR0009','O000571',1,'2025-08-04','ZR02'),
('PR0029','O000572',2,'2025-08-04','ZR06'),
('PR0038','O000573',1,'2025-08-04','ZR09'),
('PR0014','O000574',1,'2025-08-04','ZR12'),
('PR0024','O000575',1,'2025-08-04','ZR07'),
('PR0034','O000576',2,'2025-08-04','ZR05'),
('PR0037','O000577',1,'2025-08-04','ZR10'),
('PR0016','O000578',1,'2025-08-04','ZR07'),
('PR0031','O000579',2,'2025-08-04','ZR11'),
('PR0016','O000580',2,'2025-08-04','ZR03'),
('PR0047','O000581',1,'2025-08-04','ZR10'),
('PR0024','O000582',1,'2025-08-04','ZR01'),
('PR0017','O000583',1,'2025-08-04','ZR08'),
('PR0039','O000584',2,'2025-08-04','ZR04'),
('PR0006','O000585',1,'2025-08-04','ZR04'),
('PR0046','O000586',1,'2025-08-04','ZR10'),
('PR0015','O000587',1,'2025-08-04','ZR03'),
('PR0020','O000588',1,'2025-08-04','ZR01'),
('PR0050','O000589',2,'2025-08-04','ZR08'),
('PR0043','O000590',1,'2025-08-04','ZR09'),
('PR0047','O000591',1,'2025-08-04','ZR05'),
('PR0049','O000592',1,'2025-08-04','ZR06'),
('PR0008','O000593',1,'2025-08-04','ZR10'),
('PR0032','O000594',2,'2025-08-04','ZR01'),
('PR0040','O000595',1,'2025-08-04','ZR04'),
('PR0019','O000596',1,'2025-08-04','ZR12'),
('PR0027','O000597',2,'2025-08-04','ZR02'),
('PR0024','O000598',2,'2025-08-04','ZR02'),
('PR0051','O000599',1,'2025-08-04','ZR02'),
('PR0054','O000600',1,'2025-08-04','ZR03'),
('PR0040','O000601',1,'2025-08-04','ZR10'),
('PR0050','O000602',2,'2025-08-04','ZR07'),
('PR0033','O000603',2,'2025-08-04','ZR06'),
('PR0022','O000604',1,'2025-08-04','ZR02'),
('PR0003','O000605',1,'2025-08-04','ZR07'),
('PR0046','O000606',1,'2025-08-05','ZR05'),
('PR0059','O000607',1,'2025-08-05','ZR07'),
('PR0054','O000608',1,'2025-08-05','ZR12'),
('PR0017','O000609',1,'2025-08-05','ZR03'),
('PR0004','O000610',1,'2025-08-05','ZR02'),
('PR0053','O000611',1,'2025-08-05','ZR12'),
('PR0044','O000612',1,'2025-08-05','ZR10'),
('PR0056','O000613',1,'2025-08-05','ZR02'),
('PR0010','O000614',3,'2025-08-05','ZR03'),
('PR0048','O000615',1,'2025-08-05','ZR05'),
('PR0002','O000616',1,'2025-08-05','ZR04'),
('PR0010','O000617',1,'2025-08-05','ZR12'),
('PR0043','O000618',1,'2025-08-05','ZR04'),
('PR0048','O000619',1,'2025-08-05','ZR09'),
('PR0020','O000620',1,'2025-08-05','ZR01'),
('PR0053','O000621',1,'2025-08-05','ZR07'),
('PR0047','O000622',1,'2025-08-05','ZR04'),
('PR0057','O000623',1,'2025-08-05','ZR08'),
('PR0040','O000624',3,'2025-08-05','ZR04'),
('PR0010','O000625',1,'2025-08-05','ZR08'),
('PR0045','O000626',1,'2025-08-05','ZR04'),
('PR0040','O000627',1,'2025-08-05','ZR09'),
('PR0030','O000628',1,'2025-08-05','ZR01'),
('PR0006','O000629',1,'2025-08-05','ZR09'),
('PR0026','O000630',1,'2025-08-05','ZR07'),
('PR0009','O000631',1,'2025-08-05','ZR01'),
('PR0029','O000632',2,'2025-08-05','ZR02'),
('PR0023','O000633',2,'2025-08-06','ZR02'),
('PR0030','O000634',1,'2025-08-06','ZR12'),
('PR0015','O000635',1,'2025-08-06','ZR06'),
('PR0008','O000636',1,'2025-08-06','ZR09'),
('PR0063','O000637',1,'2025-08-06','ZR06'),
('PR0014','O000638',2,'2025-08-06','ZR07'),
('PR0021','O000639',1,'2025-08-06','ZR07'),
('PR0052','O000640',1,'2025-08-06','ZR06'),
('PR0032','O000641',1,'2025-08-06','ZR02'),
('PR0029','O000642',1,'2025-08-06','ZR02'),
('PR0046','O000643',1,'2025-08-06','ZR05'),
('PR0043','O000644',1,'2025-08-06','ZR09'),
('PR0015','O000645',1,'2025-08-06','ZR07'),
('PR0034','O000646',1,'2025-08-06','ZR10'),
('PR0031','O000647',1,'2025-08-06','ZR08'),
('PR0049','O000648',2,'2025-08-06','ZR07'),
('PR0017','O000649',1,'2025-08-06','ZR02'),
('PR0051','O000650',1,'2025-08-06','ZR11'),
('PR0029','O000651',1,'2025-08-06','ZR08'),
('PR0058','O000652',1,'2025-08-06','ZR07'),
('PR0049','O000653',1,'2025-08-07','ZR11'),
('PR0043','O000654',1,'2025-08-07','ZR05'),
('PR0060','O000655',1,'2025-08-07','ZR08'),
('PR0046','O000656',1,'2025-08-07','ZR10'),
('PR0008','O000657',1,'2025-08-07','ZR05'),
('PR0059','O000658',3,'2025-08-07','ZR03'),
('PR0055','O000659',1,'2025-08-07','ZR12'),
('PR0057','O000660',1,'2025-08-07','ZR06'),
('PR0030','O000661',1,'2025-08-07','ZR06'),
('PR0001','O000662',1,'2025-08-07','ZR07'),
('PR0032','O000663',2,'2025-08-07','ZR08'),
('PR0008','O000664',1,'2025-08-07','ZR09'),
('PR0060','O000665',1,'2025-08-07','ZR03'),
('PR0050','O000666',1,'2025-08-07','ZR08'),
('PR0056','O000667',1,'2025-08-07','ZR03'),
('PR0023','O000668',1,'2025-08-07','ZR01'),
('PR0057','O000669',1,'2025-08-07','ZR01'),
('PR0058','O000670',1,'2025-08-07','ZR02'),
('PR0004','O000671',1,'2025-08-07','ZR06'),
('PR0033','O000672',2,'2025-08-07','ZR07'),
('PR0033','O000673',1,'2025-08-07','ZR08'),
('PR0002','O000674',2,'2025-08-07','ZR10'),
('PR0043','O000675',2,'2025-08-07','ZR04'),
('PR0046','O000676',1,'2025-08-07','ZR09'),
('PR0045','O000677',1,'2025-08-07','ZR10'),
('PR0045','O000678',1,'2025-08-07','ZR04'),
('PR0037','O000679',2,'2025-08-07','ZR04'),
('PR0028','O000680',1,'2025-08-07','ZR01'),
('PR0008','O000681',1,'2025-08-07','ZR05'),
('PR0004','O000682',1,'2025-08-07','ZR08'),
('PR0010','O000683',1,'2025-08-08','ZR01'),
('PR0062','O000684',1,'2025-08-08','ZR03'),
('PR0004','O000685',1,'2025-08-08','ZR07'),
('PR0048','O000686',1,'2025-08-08','ZR04'),
('PR0001','O000687',1,'2025-08-08','ZR08'),
('PR0024','O000688',3,'2025-08-08','ZR07'),
('PR0023','O000689',2,'2025-08-08','ZR08'),
('PR0016','O000690',1,'2025-08-08','ZR01'),
('PR0012','O000691',1,'2025-08-08','ZR08'),
('PR0055','O000692',2,'2025-08-08','ZR12'),
('PR0049','O000693',1,'2025-08-08','ZR08'),
('PR0017','O000694',2,'2025-08-08','ZR07'),
('PR0036','O000695',1,'2025-08-08','ZR10'),
('PR0018','O000696',2,'2025-08-08','ZR01'),
('PR0024','O000697',1,'2025-08-08','ZR06'),
('PR0011','O000698',2,'2025-08-08','ZR11'),
('PR0025','O000699',1,'2025-08-08','ZR02'),
('PR0026','O000700',1,'2025-08-08','ZR12'),
('PR0042','O000701',3,'2025-08-08','ZR04'),
('PR0030','O000702',1,'2025-08-08','ZR08'),
('PR0009','O000703',1,'2025-08-08','ZR12'),
('PR0050','O000704',2,'2025-08-08','ZR01'),
('PR0033','O000705',1,'2025-08-08','ZR08'),
('PR0053','O000706',1,'2025-08-08','ZR06'),
('PR0016','O000707',1,'2025-08-08','ZR11'),
('PR0036','O000708',1,'2025-08-08','ZR04'),
('PR0010','O000709',1,'2025-08-08','ZR01'),
('PR0015','O000710',1,'2025-08-08','ZR11'),
('PR0050','O000711',1,'2025-08-08','ZR11'),
('PR0001','O000712',1,'2025-08-08','ZR06'),
('PR0055','O000713',2,'2025-08-09','ZR01'),
('PR0004','O000714',1,'2025-08-09','ZR01'),
('PR0059','O000715',1,'2025-08-09','ZR07'),
('PR0058','O000716',2,'2025-08-09','ZR06'),
('PR0035','O000717',2,'2025-08-09','ZR05'),
('PR0045','O000718',1,'2025-08-09','ZR10'),
('PR0041','O000719',1,'2025-08-09','ZR05'),
('PR0033','O000720',1,'2025-08-09','ZR11'),
('PR0049','O000721',2,'2025-08-09','ZR01'),
('PR0023','O000722',1,'2025-08-09','ZR02'),
('PR0056','O000723',1,'2025-08-09','ZR06'),
('PR0039','O000724',1,'2025-08-09','ZR10'),
('PR0031','O000725',1,'2025-08-09','ZR12'),
('PR0002','O000726',1,'2025-08-09','ZR05'),
('PR0009','O000727',1,'2025-08-09','ZR06'),
('PR0029','O000728',1,'2025-08-09','ZR07'),
('PR0032','O000729',1,'2025-08-09','ZR07'),
('PR0061','O000730',1,'2025-08-09','ZR07'),
('PR0040','O000731',1,'2025-08-09','ZR04'),
('PR0049','O000732',1,'2025-08-09','ZR07'),
('PR0007','O000733',1,'2025-08-09','ZR08'),
('PR0014','O000734',2,'2025-08-09','ZR07'),
('PR0025','O000735',2,'2025-08-09','ZR06'),
('PR0060','O000736',2,'2025-08-09','ZR08'),
('PR0002','O000737',1,'2025-08-09','ZR09'),
('PR0061','O000738',1,'2025-08-09','ZR02'),
('PR0017','O000739',1,'2025-08-09','ZR12'),
('PR0060','O000740',1,'2025-08-09','ZR07'),
('PR0058','O000741',1,'2025-08-09','ZR08'),
('PR0013','O000742',2,'2025-08-09','ZR12'),
('PR0004','O000743',1,'2025-08-09','ZR07'),
('PR0063','O000744',1,'2025-08-10','ZR08'),
('PR0049','O000745',2,'2025-08-10','ZR02'),
('PR0024','O000746',1,'2025-08-10','ZR06'),
('PR0014','O000747',1,'2025-08-10','ZR07'),
('PR0044','O000748',1,'2025-08-10','ZR10'),
('PR0024','O000749',1,'2025-08-10','ZR07'),
('PR0020','O000750',1,'2025-08-10','ZR06'),
('PR0061','O000751',1,'2025-08-10','ZR12'),
('PR0051','O000752',1,'2025-08-10','ZR02'),
('PR0054','O000753',2,'2025-08-10','ZR03'),
('PR0048','O000754',1,'2025-08-10','ZR10'),
('PR0034','O000755',1,'2025-08-10','ZR05'),
('PR0036','O000756',1,'2025-08-10','ZR09'),
('PR0041','O000757',1,'2025-08-10','ZR09'),
('PR0062','O000758',1,'2025-08-10','ZR02'),
('PR0026','O000759',2,'2025-08-10','ZR12'),
('PR0026','O000760',1,'2025-08-10','ZR06'),
('PR0017','O000761',1,'2025-08-10','ZR11'),
('PR0020','O000762',2,'2025-08-10','ZR06'),
('PR0003','O000763',1,'2025-08-10','ZR11'),
('PR0002','O000764',1,'2025-08-10','ZR05'),
('PR0025','O000765',1,'2025-08-10','ZR06'),
('PR0011','O000766',1,'2025-08-11','ZR06'),
('PR0004','O000767',1,'2025-08-11','ZR08'),
('PR0040','O000768',1,'2025-08-11','ZR04'),
('PR0051','O000769',1,'2025-08-11','ZR06'),
('PR0034','O000770',1,'2025-08-11','ZR09'),
('PR0005','O000771',2,'2025-08-11','ZR09'),
('PR0032','O000772',1,'2025-08-11','ZR08'),
('PR0049','O000773',1,'2025-08-11','ZR02'),
('PR0003','O000774',1,'2025-08-11','ZR01'),
('PR0010','O000775',1,'2025-08-11','ZR03'),
('PR0011','O000776',1,'2025-08-11','ZR07'),
('PR0047','O000777',2,'2025-08-11','ZR09'),
('PR0057','O000778',1,'2025-08-11','ZR08'),
('PR0041','O000779',1,'2025-08-11','ZR04'),
('PR0026','O000780',1,'2025-08-11','ZR02'),
('PR0036','O000781',1,'2025-08-11','ZR10'),
('PR0034','O000782',1,'2025-08-11','ZR04'),
('PR0042','O000783',1,'2025-08-11','ZR10'),
('PR0002','O000784',1,'2025-08-11','ZR04'),
('PR0061','O000785',2,'2025-08-11','ZR12'),
('PR0005','O000786',1,'2025-08-11','ZR09'),
('PR0007','O000787',1,'2025-08-11','ZR08'),
('PR0011','O000788',1,'2025-08-11','ZR08'),
('PR0003','O000789',1,'2025-08-11','ZR06'),
('PR0003','O000790',1,'2025-08-11','ZR12'),
('PR0060','O000791',1,'2025-08-11','ZR02'),
('PR0053','O000792',1,'2025-08-11','ZR02'),
('PR0020','O000793',1,'2025-08-11','ZR06'),
('PR0041','O000794',1,'2025-08-11','ZR04'),
('PR0047','O000795',1,'2025-08-11','ZR09'),
('PR0043','O000796',1,'2025-08-11','ZR05'),
('PR0053','O000797',3,'2025-08-12','ZR01'),
('PR0059','O000798',1,'2025-08-12','ZR08'),
('PR0031','O000799',3,'2025-08-12','ZR07'),
('PR0037','O000800',1,'2025-08-12','ZR09'),
('PR0027','O000801',1,'2025-08-12','ZR06'),
('PR0030','O000802',2,'2025-08-12','ZR08'),
('PR0056','O000803',1,'2025-08-12','ZR02'),
('PR0010','O000804',1,'2025-08-12','ZR08'),
('PR0030','O000805',1,'2025-08-12','ZR06'),
('PR0060','O000806',1,'2025-08-12','ZR06'),
('PR0056','O000807',3,'2025-08-12','ZR06'),
('PR0015','O000808',2,'2025-08-12','ZR03'),
('PR0036','O000809',1,'2025-08-12','ZR10'),
('PR0039','O000810',1,'2025-08-12','ZR09'),
('PR0009','O000811',1,'2025-08-12','ZR01'),
('PR0032','O000812',2,'2025-08-12','ZR01'),
('PR0026','O000813',1,'2025-08-12','ZR07'),
('PR0047','O000814',1,'2025-08-12','ZR04'),
('PR0020','O000815',1,'2025-08-12','ZR02'),
('PR0022','O000816',1,'2025-08-12','ZR11'),
('PR0022','O000817',1,'2025-08-12','ZR03'),
('PR0049','O000818',1,'2025-08-12','ZR01'),
('PR0061','O000819',1,'2025-08-12','ZR11'),
('PR0039','O000820',1,'2025-08-12','ZR04'),
('PR0058','O000821',2,'2025-08-12','ZR02'),
('PR0048','O000822',1,'2025-08-12','ZR04'),
('PR0029','O000823',1,'2025-08-12','ZR08'),
('PR0024','O000824',1,'2025-08-12','ZR03'),
('PR0009','O000825',1,'2025-08-12','ZR07'),
('PR0035','O000826',1,'2025-08-12','ZR04'),
('PR0024','O000827',1,'2025-08-13','ZR12'),
('PR0029','O000828',3,'2025-08-13','ZR03'),
('PR0033','O000829',2,'2025-08-13','ZR06'),
('PR0050','O000830',1,'2025-08-13','ZR03'),
('PR0031','O000831',2,'2025-08-13','ZR01'),
('PR0061','O000832',1,'2025-08-13','ZR07'),
('PR0059','O000833',2,'2025-08-13','ZR07'),
('PR0039','O000834',1,'2025-08-13','ZR04'),
('PR0026','O000835',1,'2025-08-13','ZR12'),
('PR0020','O000836',2,'2025-08-13','ZR11'),
('PR0040','O000837',1,'2025-08-13','ZR10'),
('PR0001','O000838',1,'2025-08-13','ZR03'),
('PR0011','O000839',1,'2025-08-13','ZR11'),
('PR0050','O000840',1,'2025-08-13','ZR07'),
('PR0059','O000841',1,'2025-08-13','ZR08'),
('PR0027','O000842',1,'2025-08-13','ZR02'),
('PR0044','O000843',3,'2025-08-13','ZR09'),
('PR0022','O000844',1,'2025-08-13','ZR01'),
('PR0047','O000845',1,'2025-08-13','ZR09'),
('PR0016','O000846',1,'2025-08-13','ZR06'),
('PR0014','O000847',2,'2025-08-13','ZR06'),
('PR0018','O000848',1,'2025-08-13','ZR03'),
('PR0016','O000849',1,'2025-08-13','ZR12'),
('PR0061','O000850',1,'2025-08-13','ZR11'),
('PR0023','O000851',3,'2025-08-13','ZR01'),
('PR0038','O000852',1,'2025-08-13','ZR05'),
('PR0026','O000853',1,'2025-08-13','ZR11'),
('PR0054','O000854',3,'2025-08-13','ZR08'),
('PR0058','O000855',1,'2025-08-13','ZR06'),
('PR0042','O000856',1,'2025-08-13','ZR04'),
('PR0037','O000857',1,'2025-08-13','ZR05'),
('PR0058','O000858',1,'2025-08-13','ZR03'),
('PR0010','O000859',3,'2025-08-13','ZR02'),
('PR0060','O000860',1,'2025-08-13','ZR07'),
('PR0051','O000861',1,'2025-08-13','ZR03'),
('PR0044','O000862',1,'2025-08-14','ZR10'),
('PR0057','O000863',1,'2025-08-14','ZR03'),
('PR0045','O000864',1,'2025-08-14','ZR10'),
('PR0054','O000865',1,'2025-08-14','ZR12'),
('PR0053','O000866',1,'2025-08-14','ZR03'),
('PR0055','O000867',1,'2025-08-14','ZR11'),
('PR0001','O000868',1,'2025-08-14','ZR06'),
('PR0040','O000869',2,'2025-08-14','ZR10'),
('PR0053','O000870',2,'2025-08-14','ZR06'),
('PR0009','O000871',1,'2025-08-14','ZR01'),
('PR0024','O000872',1,'2025-08-14','ZR07'),
('PR0062','O000873',1,'2025-08-14','ZR06'),
('PR0041','O000874',1,'2025-08-14','ZR09'),
('PR0039','O000875',1,'2025-08-14','ZR05'),
('PR0029','O000876',2,'2025-08-14','ZR12'),
('PR0018','O000877',1,'2025-08-14','ZR01'),
('PR0051','O000878',1,'2025-08-14','ZR06'),
('PR0062','O000879',1,'2025-08-14','ZR12'),
('PR0047','O000880',1,'2025-08-14','ZR04'),
('PR0062','O000881',1,'2025-08-14','ZR03'),
('PR0034','O000882',1,'2025-08-14','ZR04'),
('PR0028','O000883',1,'2025-08-14','ZR08'),
('PR0022','O000884',2,'2025-08-14','ZR11'),
('PR0043','O000885',2,'2025-08-14','ZR04'),
('PR0024','O000886',2,'2025-08-14','ZR06');

-- RICHIESTA
INSERT INTO richiesta(codice_fiscale, codice_prodotto, codice_ordine)
VALUES
('BLTRSV92Q22H501D','PR0051','O000001'),
('PLTRMN97F11F839S','PR0012','O000002'),
('SGRVLD95C09F205R','PR0002','O000003'),
('MNTRNL73V28F205I','PR0034','O000004'),
('LPDGLA14K30F205V','PR0003','O000005'),
('FRTLNZ85R12F839A','PR0025','O000006'),
('FVNNCL90X13F205H','PR0026','O000007'),
('VDLRSP72T18H501C','PR0006','O000008'),
('BGLLCM98E18H501Q','PR0003','O000009'),
('FLLRMA02L10F205Y','PR0047','O000010'),
('LSRZMN15T07F839G','PR0006','O000011'),
('BNTRSC93E24H501O','PR0031','O000012'),
('BNTRSC93E24H501O','PR0020','O000013'),
('GLLVNR78D23H501B','PR0063','O000014'),
('PGRTNV11N24F839A','PR0023','O000015'),
('GLCPTR98X16F839K','PR0023','O000016'),
('NVLLBR81Y21H501L','PR0030','O000017'),
('ZNCLTR03U07F839D','PR0055','O000018'),
('NTFRNC02L09H501W','PR0053','O000019'),
('FVNNCL90X13F205H','PR0062','O000020'),
('GMPRCN94P05H501Y','PR0049','O000021'),
('FLLRMA02L10F205Y','PR0063','O000022'),
('MNTRNL73V28F205I','PR0024','O000023'),
('FLLRMA02L10F205Y','PR0016','O000024'),
('PRNDRG92S11H501C','PR0015','O000025'),
('DMNDLN91B07F839O','PR0012','O000026'),
('VRGPLN00C18H501P','PR0060','O000027'),
('GLCPTR98X16F839K','PR0038','O000028'),
('DLMCRZ91Z25H501I','PR0042','O000029'),
('RGLTTP93J03F839W','PR0045','O000030'),
('DLMGNA70G29H501S','PR0001','O000031'),
('SCMMLD08P23F205Z','PR0032','O000032'),
('NVLLBR81Y21H501L','PR0008','O000033'),
('VNCRDL91H04F839T','PR0027','O000034'),
('PNDRML04W21F839I','PR0026','O000035'),
('SMTRLN65J12H501U','PR0017','O000036'),
('ZNCLTR03U07F839D','PR0008','O000037'),
('ZNCLTR03U07F839D','PR0022','O000038'),
('RCCNTR82Z05F839J','PR0049','O000039'),
('VRGNTN72T26H501F','PR0021','O000040'),
('BLTRSV92Q22H501D','PR0052','O000041'),
('FLLRMA02L10F205Y','PR0026','O000042'),
('CRDLNM04V07F839F','PR0001','O000043'),
('CRDLNM04V07F839F','PR0026','O000044'),
('PNCLRL89J14H501X','PR0012','O000045'),
('PNCLMR78R20H501D','PR0051','O000046'),
('DMNDLN91B07F839O','PR0036','O000047'),
('VRNDTM05R13F205E','PR0057','O000048'),
('FRLLPI98S12F205B','PR0047','O000049'),
('ZPLNFR99P09F839C','PR0019','O000050'),
('DLMCRZ91Z25H501I','PR0054','O000051'),
('VRGMRN89M01F839X','PR0061','O000052'),
('SLVSTR07Y07F205K','PR0029','O000053'),
('GRMNDL61Z29H501L','PR0005','O000054'),
('VRNDTM05R13F205E','PR0009','O000055'),
('LPDGLA14K30F205V','PR0034','O000056'),
('VRDNCL88M20H501Y','PR0009','O000057'),
('VRGNTN72T26H501F','PR0052','O000058'),
('MRCLRZ03F21F205R','PR0014','O000059'),
('PRNDRG92S11H501C','PR0019','O000060'),
('DLMGNA70G29H501S','PR0014','O000061'),
('CRLVNC85A03H501M','PR0012','O000062'),
('LVTRNZ87Q24F839Z','PR0004','O000063'),
('CZRVNR83G30H501V','PR0005','O000064'),
('SCMMLD08P23F205Z','PR0037','O000065'),
('CLMRZP95W04F205F','PR0053','O000066'),
('SGRVLD95C09F205R','PR0023','O000067'),
('PRGLVY87U19H501H','PR0006','O000068'),
('SCMMLD08P23F205Z','PR0050','O000069'),
('RTNLFR90E30H501R','PR0049','O000070'),
('MNTRNL73V28F205I','PR0034','O000071'),
('DSNLRZ15N16F205X','PR0013','O000072'),
('GLBRTR68B28F205L','PR0054','O000073'),
('MRCBRT10D23F839S','PR0060','O000074'),
('LVTRNZ87Q24F839Z','PR0010','O000075'),
('RCCNTR82Z05F839J','PR0036','O000076'),
('SGRVLD95C09F205R','PR0019','O000077'),
('GLBRTR68B28F205L','PR0004','O000078'),
('SVNTBR88G25H501T','PR0056','O000079'),
('MNTLVR03M27F205A','PR0037','O000080'),
('LSRZMN15T07F839G','PR0004','O000081'),
('PLMTTR12C25H501O','PR0042','O000082'),
('MNTRNL73V28F205I','PR0037','O000083'),
('NTFRNC02L09H501W','PR0037','O000084'),
('PLTRMN97F11F839S','PR0042','O000085'),
('GLLVNR78D23H501B','PR0013','O000086'),
('LVTRNZ87Q24F839Z','PR0060','O000087'),
('SVRGLN94K02F839Y','PR0049','O000088'),
('NTFRNC02L09H501W','PR0053','O000089'),
('VRSPTN86U20H501E','PR0047','O000090'),
('PLCRFR81R26F839B','PR0059','O000091'),
('BLTRSV92Q22H501D','PR0043','O000092'),
('NVLLBR81Y21H501L','PR0002','O000093'),
('GLLVNR78D23H501B','PR0028','O000094'),
('VRGMRN89M01F839X','PR0020','O000095'),
('FRCSNZ86N05H501B','PR0006','O000096'),
('DSNFRR97A16H501K','PR0004','O000097'),
('DRGLLN68L11H501Z','PR0027','O000098'),
('TLLGNR82X14H501J','PR0029','O000099'),
('BGNRPN56M27H501W','PR0005','O000100'),
('ZPLNFR99P09F839C','PR0027','O000101'),
('RSSMRA90C15F205K','PR0014','O000102'),
('RSSMRA90C15F205K','PR0035','O000103'),
('SLVSTR07Y07F205K','PR0023','O000104'),
('RSSMRA90C15F205K','PR0017','O000105'),
('RSSMRA90C15F205K','PR0031','O000106'),
('MLLSMT82P65Z404U','PR0055','O000107'),
('NTFRNC02L09H501W','PR0039','O000108'),
('CLPRTV84A13H501N','PR0010','O000109'),
('BNCMRA70A01H501Z','PR0010','O000110'),
('VRDNCL88M20H501Y','PR0052','O000111'),
('DMNDLN91B07F839O','PR0029','O000112'),
('BNCMRA70A01H501Z','PR0058','O000113'),
('MLLSMT82P65Z404U','PR0060','O000114'),
('RSSMRA90C15F205K','PR0038','O000115'),
('PGRTNV11N24F839A','PR0062','O000116'),
('BSCNRT67D02F205Q','PR0050','O000117'),
('RSSMRA90C15F205K','PR0039','O000118'),
('PNDRML04W21F839I','PR0032','O000119'),
('MLLSMT82P65Z404U','PR0049','O000120'),
('VRDNCL88M20H501Y','PR0050','O000121'),
('SBNDLR02W04H501J','PR0061','O000122'),
('LDNCTT58W29H501G','PR0038','O000123'),
('RSSMRA90C15F205K','PR0062','O000124'),
('BNCMRA70A01H501Z','PR0048','O000125'),
('BNCMRA70A01H501Z','PR0005','O000126'),
('BNCMRA70A01H501Z','PR0017','O000127'),
('SLVRML74D19F839N','PR0027','O000128'),
('VRDNCL88M20H501Y','PR0007','O000129'),
('RSSMRA90C15F205K','PR0020','O000130'),
('MLLSMT82P65Z404U','PR0062','O000131'),
('MRCLRZ03F21F205R','PR0004','O000132'),
('RSSMRA90C15F205K','PR0007','O000133'),
('BNCMRA70A01H501Z','PR0018','O000134'),
('SLVRML74D19F839N','PR0042','O000135'),
('CRSNMD79M08H501Z','PR0012','O000136'),
('FRTLNZ85R12F839A','PR0016','O000137'),
('GLLVNR78D23H501B','PR0053','O000138'),
('DLCRSN88M21F205D','PR0044','O000139'),
('GLLVNR78D23H501B','PR0047','O000140'),
('GLLVNR78D23H501B','PR0015','O000141'),
('FRTLNZ85R12F839A','PR0001','O000142'),
('PRNDRG92S11H501C','PR0043','O000143'),
('DLCRSN88M21F205D','PR0015','O000144'),
('GLLVNR78D23H501B','PR0016','O000145'),
('PRNDRG92S11H501C','PR0046','O000146'),
('PLTRMN97F11F839S','PR0047','O000147'),
('GRMNDL61Z29H501L','PR0045','O000148'),
('PRNDRG92S11H501C','PR0029','O000149'),
('PRNDRG92S11H501C','PR0056','O000150'),
('MMTLLS80V21H501E','PR0019','O000151'),
('PRNDRG92S11H501C','PR0033','O000152'),
('DLCRSN88M21F205D','PR0053','O000153'),
('PRNDRG92S11H501C','PR0039','O000154'),
('FRTLNZ85R12F839A','PR0027','O000155'),
('BRTLND01B12H501Q','PR0030','O000156'),
('SGRVLD95C09F205R','PR0061','O000157'),
('BRTLND01B12H501Q','PR0037','O000158'),
('PLCRFR81R26F839B','PR0041','O000159'),
('SGRVLD95C09F205R','PR0050','O000160'),
('BRTLND01B12H501Q','PR0058','O000161'),
('FRSCBN77D06F839P','PR0029','O000162'),
('BRTLND01B12H501Q','PR0032','O000163'),
('SGRVLD95C09F205R','PR0034','O000164'),
('BRTLND01B12H501Q','PR0054','O000165'),
('SGRVLD95C09F205R','PR0040','O000166'),
('CRDLNM04V07F839F','PR0021','O000167'),
('SGRVLD95C09F205R','PR0017','O000168'),
('TRNLDV99S11H501C','PR0038','O000169'),
('BRTLND01B12H501Q','PR0006','O000170'),
('BRTLND01B12H501Q','PR0013','O000171'),
('SGRVLD95C09F205R','PR0018','O000172'),
('BRTLND01B12H501Q','PR0010','O000173'),
('BNCMRA70A01H501Z','PR0026','O000174'),
('BNCMRA70A01H501Z','PR0025','O000175'),
('TLLGNR82X14H501J','PR0006','O000176'),
('BRTLND01B12H501Q','PR0050','O000177'),
('SLVSTR07Y07F205K','PR0041','O000178'),
('BRTLND01B12H501Q','PR0046','O000179'),
('MNTLVR03M27F205A','PR0004','O000180'),
('BRTLND01B12H501Q','PR0014','O000181'),
('MRCBRT10D23F839S','PR0053','O000182'),
('MRCBRT10D23F839S','PR0051','O000183'),
('PNZLFC12E05H501T','PR0003','O000184'),
('PNZLFC12E05H501T','PR0036','O000185'),
('PNZLFC12E05H501T','PR0035','O000186'),
('MRCBRT10D23F839S','PR0033','O000187'),
('PNZLFC12E05H501T','PR0010','O000188'),
('VDLRSP72T18H501C','PR0011','O000189'),
('PNZLFC12E05H501T','PR0032','O000190'),
('PNZLFC12E05H501T','PR0025','O000191'),
('TRNLDV99S11H501C','PR0018','O000192'),
('MRCBRT10D23F839S','PR0005','O000193'),
('PNZLFC12E05H501T','PR0051','O000194'),
('PNZLFC12E05H501T','PR0012','O000195'),
('PNZLFC12E05H501T','PR0027','O000196'),
('TMBRNL94Q02F205C','PR0057','O000197'),
('PNZLFC12E05H501T','PR0005','O000198'),
('PNZLFC12E05H501T','PR0052','O000199'),
('MRCBRT10D23F839S','PR0039','O000200'),
('MRCBRT10D23F839S','PR0033','O000201'),
('LMDGNN77F18L219U','PR0048','O000202'),
('LMDGNN77F18L219U','PR0042','O000203'),
('CZRVNR83G30H501V','PR0029','O000204'),
('LMDGNN77F18L219U','PR0031','O000205'),
('LMDGNN77F18L219U','PR0040','O000206'),
('RTNLFR90E30H501R','PR0063','O000207'),
('VRGNTN72T26H501F','PR0022','O000208'),
('CZRVNR83G30H501V','PR0029','O000209'),
('LMDGNN77F18L219U','PR0027','O000210'),
('CZRVNR83G30H501V','PR0023','O000211'),
('MNTLVR03M27F205A','PR0030','O000212'),
('BGNRPN56M27H501W','PR0033','O000213'),
('LMDGNN77F18L219U','PR0045','O000214'),
('LMDGNN77F18L219U','PR0063','O000215'),
('GMPRCN94P05H501Y','PR0007','O000216'),
('LMDGNN77F18L219U','PR0044','O000217'),
('CZRVNR83G30H501V','PR0060','O000218'),
('LMDGNN77F18L219U','PR0009','O000219'),
('LMDGNN77F18L219U','PR0032','O000220'),
('LMDGNN77F18L219U','PR0033','O000221'),
('MRCBRT10D23F839S','PR0055','O000222'),
('LMDGNN77F18L219U','PR0055','O000223'),
('LMDGNN77F18L219U','PR0040','O000224'),
('CZRVNR83G30H501V','PR0042','O000225'),
('RTNLFR90E30H501R','PR0051','O000226'),
('TLLGNR82X14H501J','PR0062','O000227'),
('CZRVNR83G30H501V','PR0044','O000228'),
('CZRVNR83G30H501V','PR0062','O000229'),
('LMDGNN77F18L219U','PR0055','O000230'),
('LMDGNN77F18L219U','PR0006','O000231'),
('TMRNDR01H01F205W','PR0055','O000232'),
('MNTLVR03M27F205A','PR0004','O000233'),
('DRGLLN68L11H501Z','PR0015','O000234'),
('TMRNDR01H01F205W','PR0042','O000235'),
('VRNDTM05R13F205E','PR0007','O000236'),
('MDLNCL11G30H501Q','PR0041','O000237'),
('SVRGLN94K02F839Y','PR0029','O000238'),
('DLMCRZ91Z25H501I','PR0037','O000239'),
('DRGLLN68L11H501Z','PR0061','O000240'),
('DRGLLN68L11H501Z','PR0047','O000241'),
('BRGNTI88X30H501G','PR0057','O000242'),
('PNCLRL89J14H501X','PR0030','O000243'),
('MNTRNL73V28F205I','PR0011','O000244'),
('CRDLNM04V07F839F','PR0008','O000245'),
('MRCLRZ03F21F205R','PR0044','O000246'),
('PNCLRL89J14H501X','PR0043','O000247'),
('PNCLRL89J14H501X','PR0020','O000248'),
('SVRGLN94K02F839Y','PR0048','O000249'),
('TMRNDR01H01F205W','PR0058','O000250'),
('TMRNDR01H01F205W','PR0028','O000251'),
('SVRGLN94K02F839Y','PR0059','O000252'),
('GLBRTR68B28F205L','PR0027','O000253'),
('TMRNDR01H01F205W','PR0044','O000254'),
('SVRGLN94K02F839Y','PR0018','O000255'),
('CZRVNR83G30H501V','PR0059','O000256'),
('DRGLLN68L11H501Z','PR0007','O000257'),
('DRGLLN68L11H501Z','PR0006','O000258'),
('TMRNDR01H01F205W','PR0018','O000259'),
('DRGLLN68L11H501Z','PR0050','O000260'),
('TMRNDR01H01F205W','PR0048','O000261'),
('PNCLRL89J14H501X','PR0007','O000262'),
('DZMNRT09B14F205N','PR0056','O000263'),
('RGLTTP93J03F839W','PR0039','O000264'),
('MTNDRG76I19H501V','PR0021','O000265'),
('MNTLVR03M27F205A','PR0026','O000266'),
('MNTLVR03M27F205A','PR0027','O000267'),
('MNTLVR03M27F205A','PR0029','O000268'),
('MNTLVR03M27F205A','PR0013','O000269'),
('MNTLVR03M27F205A','PR0055','O000270'),
('MNTLVR03M27F205A','PR0051','O000271'),
('MNTLVR03M27F205A','PR0050','O000272'),
('PLCRFR81R26F839B','PR0015','O000273'),
('MNTLVR03M27F205A','PR0058','O000274'),
('MNTLVR03M27F205A','PR0018','O000275'),
('MNTLVR03M27F205A','PR0013','O000276'),
('MNTLVR03M27F205A','PR0008','O000277'),
('MNTLVR03M27F205A','PR0011','O000278'),
('MNTLVR03M27F205A','PR0017','O000279'),
('MNTLVR03M27F205A','PR0001','O000280'),
('MNTLVR03M27F205A','PR0042','O000281'),
('MNTLVR03M27F205A','PR0034','O000282'),
('MNTLVR03M27F205A','PR0026','O000283'),
('MNTLVR03M27F205A','PR0032','O000284'),
('GLCPTR98X16F839K','PR0010','O000285'),
('MNTLVR03M27F205A','PR0013','O000286'),
('TRNLDV99S11H501C','PR0044','O000287'),
('VRDNCL88M20H501Y','PR0034','O000288'),
('MNTLVR03M27F205A','PR0063','O000289'),
('MNTLVR03M27F205A','PR0060','O000290'),
('VRNDTM05R13F205E','PR0042','O000291'),
('MNTLVR03M27F205A','PR0024','O000292'),
('MNTLVR03M27F205A','PR0034','O000293'),
('FRCSNZ86N05H501B','PR0039','O000294'),
('MNTLVR03M27F205A','PR0044','O000295'),
('CRSNMD79M08H501Z','PR0048','O000296'),
('FRCSNZ86N05H501B','PR0039','O000297'),
('CRSNGL80S30H501F','PR0048','O000298'),
('ZPLNFR99P09F839C','PR0011','O000299'),
('FRCSNZ86N05H501B','PR0009','O000300'),
('NVLLBR81Y21H501L','PR0052','O000301'),
('FRCSNZ86N05H501B','PR0041','O000302'),
('FRCSNZ86N05H501B','PR0047','O000303'),
('ZPLNFR99P09F839C','PR0004','O000304'),
('ZPLNFR99P09F839C','PR0057','O000305'),
('BLTRSV92Q22H501D','PR0012','O000306'),
('LPDGLA14K30F205V','PR0034','O000307'),
('FRCSNZ86N05H501B','PR0057','O000308'),
('MTNDRG76I19H501V','PR0035','O000309'),
('BLTRSV92Q22H501D','PR0010','O000310'),
('ZPLNFR99P09F839C','PR0025','O000311'),
('BLTRSV92Q22H501D','PR0055','O000312'),
('FRCSNZ86N05H501B','PR0009','O000313'),
('BLTRSV92Q22H501D','PR0042','O000314'),
('FRCSNZ86N05H501B','PR0056','O000315'),
('CRDMNC69R02H501A','PR0033','O000316'),
('ZPLNFR99P09F839C','PR0047','O000317'),
('SLTRFN09S15F839E','PR0029','O000318'),
('ZPLNFR99P09F839C','PR0016','O000319'),
('BNCMRA70A01H501Z','PR0055','O000320'),
('CGNLLA05H04F205U','PR0052','O000321'),
('FVNNCL90X13F205H','PR0019','O000322'),
('BLTRSV92Q22H501D','PR0040','O000323'),
('FRCSNZ86N05H501B','PR0062','O000324'),
('BNTRSC93E24H501O','PR0037','O000325'),
('CRSNGL80S30H501F','PR0041','O000326'),
('VRNDTM05R13F205E','PR0013','O000327'),
('CRSNGL80S30H501F','PR0034','O000328'),
('VRNDTM05R13F205E','PR0043','O000329'),
('VRNDTM05R13F205E','PR0054','O000330'),
('VRNDTM05R13F205E','PR0015','O000331'),
('LSRZMN15T07F839G','PR0040','O000332'),
('FRCSNZ86N05H501B','PR0021','O000333'),
('VRNDTM05R13F205E','PR0018','O000334'),
('MGLNPR01Y22H501I','PR0038','O000335'),
('CRSNGL80S30H501F','PR0018','O000336'),
('VRNDTM05R13F205E','PR0061','O000337'),
('NVLLBR81Y21H501L','PR0052','O000338'),
('CRDMNC69R02H501A','PR0031','O000339'),
('CRSNGL80S30H501F','PR0046','O000340'),
('CRSNGL80S30H501F','PR0027','O000341'),
('VRNDTM05R13F205E','PR0016','O000342'),
('DSNLRZ15N16F205X','PR0059','O000343'),
('CRSNGL80S30H501F','PR0028','O000344'),
('VRNDTM05R13F205E','PR0044','O000345'),
('VRNDTM05R13F205E','PR0013','O000346'),
('BRZLLI55N17H501Y','PR0048','O000347'),
('VRNDTM05R13F205E','PR0008','O000348'),
('CRSNGL80S30H501F','PR0019','O000349'),
('CRSNGL80S30H501F','PR0046','O000350'),
('VRNDTM05R13F205E','PR0017','O000351'),
('PNZLFC12E05H501T','PR0054','O000352'),
('LSRZMN15T07F839G','PR0007','O000353'),
('SVRGLN94K02F839Y','PR0049','O000354'),
('LSRZMN15T07F839G','PR0005','O000355'),
('LSRZMN15T07F839G','PR0038','O000356'),
('LSRZMN15T07F839G','PR0003','O000357'),
('LSRZMN15T07F839G','PR0020','O000358'),
('CLPRTV84A13H501N','PR0061','O000359'),
('BLTRSV92Q22H501D','PR0037','O000360'),
('DMNDLN91B07F839O','PR0012','O000361'),
('DSNLRZ15N16F205X','PR0050','O000362'),
('LSRZMN15T07F839G','PR0019','O000363'),
('LSRZMN15T07F839G','PR0003','O000364'),
('LSRZMN15T07F839G','PR0037','O000365'),
('LSRZMN15T07F839G','PR0051','O000366'),
('LSRZMN15T07F839G','PR0026','O000367'),
('GMPRCN94P05H501Y','PR0031','O000368'),
('SBNDLR02W04H501J','PR0052','O000369'),
('LSRZMN15T07F839G','PR0055','O000370'),
('LSRZMN15T07F839G','PR0005','O000371'),
('LSRZMN15T07F839G','PR0020','O000372'),
('LSRZMN15T07F839G','PR0041','O000373'),
('LSRZMN15T07F839G','PR0058','O000374'),
('LSRZMN15T07F839G','PR0031','O000375'),
('LSRZMN15T07F839G','PR0056','O000376'),
('LSRZMN15T07F839G','PR0062','O000377'),
('LSRZMN15T07F839G','PR0029','O000378'),
('PLTRMN97F11F839S','PR0021','O000379'),
('LSRZMN15T07F839G','PR0033','O000380'),
('LSRZMN15T07F839G','PR0061','O000381'),
('LSRZMN15T07F839G','PR0050','O000382'),
('LSRZMN15T07F839G','PR0045','O000383'),
('RGLTTP93J03F839W','PR0017','O000384'),
('PRGLVY87U19H501H','PR0052','O000385'),
('PRGLVY87U19H501H','PR0040','O000386'),
('PRGLVY87U19H501H','PR0033','O000387'),
('FRTLNZ85R12F839A','PR0044','O000388'),
('PRGLVY87U19H501H','PR0041','O000389'),
('PRGLVY87U19H501H','PR0032','O000390'),
('PRGLVY87U19H501H','PR0037','O000391'),
('PRGLVY87U19H501H','PR0050','O000392'),
('CTTRMN87F08F205P','PR0028','O000393'),
('PRGLVY87U19H501H','PR0025','O000394'),
('PRGLVY87U19H501H','PR0022','O000395'),
('SLVRML74D19F839N','PR0029','O000396'),
('DSNFRR97A16H501K','PR0024','O000397'),
('PRGLVY87U19H501H','PR0056','O000398'),
('VRGMRN89M01F839X','PR0033','O000399'),
('SLVRML74D19F839N','PR0014','O000400'),
('TMRNDR01H01F205W','PR0002','O000401'),
('PRGLVY87U19H501H','PR0049','O000402'),
('PNCLRL89J14H501X','PR0034','O000403'),
('PRGLVY87U19H501H','PR0001','O000404'),
('PRGLVY87U19H501H','PR0022','O000405'),
('LSRZMN15T07F839G','PR0014','O000406'),
('RCCNTR82Z05F839J','PR0052','O000407'),
('MNTRNL73V28F205I','PR0007','O000408'),
('SLVSTR07Y07F205K','PR0001','O000409'),
('CLMRZP95W04F205F','PR0021','O000410'),
('MNTRNL73V28F205I','PR0051','O000411'),
('MNTRNL73V28F205I','PR0028','O000412'),
('MNTRNL73V28F205I','PR0013','O000413'),
('LDNCTT58W29H501G','PR0047','O000414'),
('MNTRNL73V28F205I','PR0062','O000415'),
('MNTRNL73V28F205I','PR0008','O000416'),
('MNTRNL73V28F205I','PR0003','O000417'),
('MNTRNL73V28F205I','PR0052','O000418'),
('MNTRNL73V28F205I','PR0006','O000419'),
('TLLGNR82X14H501J','PR0013','O000420'),
('MNTRNL73V28F205I','PR0011','O000421'),
('MNTRNL73V28F205I','PR0049','O000422'),
('MNTRNL73V28F205I','PR0007','O000423'),
('FRTLNZ85R12F839A','PR0042','O000424'),
('DLCRSN88M21F205D','PR0042','O000425'),
('FRCSNZ86N05H501B','PR0046','O000426'),
('CRDMNC69R02H501A','PR0055','O000427'),
('MNTRNL73V28F205I','PR0041','O000428'),
('MNTRNL73V28F205I','PR0023','O000429'),
('BGNRPN56M27H501W','PR0057','O000430'),
('MNTRNL73V28F205I','PR0016','O000431'),
('GLCPTR98X16F839K','PR0040','O000432'),
('SBNDLR02W04H501J','PR0061','O000433'),
('PNZLFC12E05H501T','PR0057','O000434'),
('SCMMLD08P23F205Z','PR0054','O000435'),
('GLCPTR98X16F839K','PR0038','O000436'),
('SBNDLR02W04H501J','PR0004','O000437'),
('MMTLLS80V21H501E','PR0039','O000438'),
('SBNDLR02W04H501J','PR0007','O000439'),
('SBNDLR02W04H501J','PR0046','O000440'),
('MNTRNL73V28F205I','PR0019','O000441'),
('SBNDLR02W04H501J','PR0060','O000442'),
('SBNDLR02W04H501J','PR0053','O000443'),
('SBNDLR02W04H501J','PR0060','O000444'),
('GLCPTR98X16F839K','PR0015','O000445'),
('GLCPTR98X16F839K','PR0017','O000446'),
('SBNDLR02W04H501J','PR0052','O000447'),
('SBNDLR02W04H501J','PR0036','O000448'),
('SBNDLR02W04H501J','PR0021','O000449'),
('GLCPTR98X16F839K','PR0024','O000450'),
('SBNDLR02W04H501J','PR0038','O000451'),
('TMBRNL94Q02F205C','PR0016','O000452'),
('MLLSMT82P65Z404U','PR0003','O000453'),
('SLVSTR07Y07F205K','PR0028','O000454'),
('MBRZLR88V09H501H','PR0055','O000455'),
('GLCPTR98X16F839K','PR0003','O000456'),
('GLCPTR98X16F839K','PR0007','O000457'),
('GLCPTR98X16F839K','PR0038','O000458'),
('GLCPTR98X16F839K','PR0011','O000459'),
('SBNDLR02W04H501J','PR0060','O000460'),
('SBNDLR02W04H501J','PR0029','O000461'),
('SBNDLR02W04H501J','PR0044','O000462'),
('CLPRTV84A13H501N','PR0045','O000463'),
('NVLLBR81Y21H501L','PR0014','O000464'),
('FRNZZR07Z29F205M','PR0037','O000465'),
('CLPRTV84A13H501N','PR0060','O000466'),
('FRLLPI98S12F205B','PR0027','O000467'),
('NVLLBR81Y21H501L','PR0058','O000468'),
('NVLLBR81Y21H501L','PR0020','O000469'),
('FRNZZR07Z29F205M','PR0051','O000470'),
('FRNZZR07Z29F205M','PR0035','O000471'),
('SLVRML74D19F839N','PR0023','O000472'),
('CLPRTV84A13H501N','PR0018','O000473'),
('FRNZZR07Z29F205M','PR0061','O000474'),
('CLPRTV84A13H501N','PR0011','O000475'),
('CLPRTV84A13H501N','PR0023','O000476'),
('FRNZZR07Z29F205M','PR0040','O000477'),
('FRNZZR07Z29F205M','PR0030','O000478'),
('NVLLBR81Y21H501L','PR0062','O000479'),
('PLMTTR12C25H501O','PR0062','O000480'),
('CLPRTV84A13H501N','PR0039','O000481'),
('NVLLBR81Y21H501L','PR0018','O000482'),
('FRNZZR07Z29F205M','PR0055','O000483'),
('FRNZZR07Z29F205M','PR0038','O000484'),
('CRSNMD79M08H501Z','PR0026','O000485'),
('CLPRTV84A13H501N','PR0062','O000486'),
('PNZLFC12E05H501T','PR0007','O000487'),
('CLPRTV84A13H501N','PR0013','O000488'),
('CGNLLA05H04F205U','PR0015','O000489'),
('FRNZZR07Z29F205M','PR0056','O000490'),
('BNCMRA70A01H501Z','PR0012','O000491'),
('NVLLBR81Y21H501L','PR0017','O000492'),
('FRNZZR07Z29F205M','PR0047','O000493'),
('FRNZZR07Z29F205M','PR0057','O000494'),
('BGNRPN56M27H501W','PR0034','O000495'),
('FRNZZR07Z29F205M','PR0008','O000496'),
('DMNDLN91B07F839O','PR0011','O000497'),
('CNTRSS95U03F205G','PR0036','O000498'),
('VRSPTN86U20H501E','PR0058','O000499'),
('DMNDLN91B07F839O','PR0006','O000500'),
('FVNNCL90X13F205H','PR0020','O000501'),
('DMNDLN91B07F839O','PR0020','O000502'),
('DMNDLN91B07F839O','PR0013','O000503'),
('DMNDLN91B07F839O','PR0024','O000504'),
('DMNDLN91B07F839O','PR0026','O000505'),
('BRZLLI55N17H501Y','PR0047','O000506'),
('DMNDLN91B07F839O','PR0036','O000507'),
('DMNDLN91B07F839O','PR0034','O000508'),
('MNTLVR03M27F205A','PR0022','O000509'),
('DMNDLN91B07F839O','PR0059','O000510'),
('FVNNCL90X13F205H','PR0006','O000511'),
('DMNDLN91B07F839O','PR0053','O000512'),
('DSNLRZ15N16F205X','PR0039','O000513'),
('DMNDLN91B07F839O','PR0063','O000514'),
('DMNDLN91B07F839O','PR0036','O000515'),
('DMNDLN91B07F839O','PR0048','O000516'),
('DMNDLN91B07F839O','PR0032','O000517'),
('RSSMRA90C15F205K','PR0035','O000518'),
('DMNDLN91B07F839O','PR0015','O000519'),
('MNTLVR03M27F205A','PR0044','O000520'),
('DMNDLN91B07F839O','PR0033','O000521'),
('DMNDLN91B07F839O','PR0030','O000522'),
('DMNDLN91B07F839O','PR0017','O000523'),
('FRNZZR07Z29F205M','PR0048','O000524'),
('DMNDLN91B07F839O','PR0058','O000525'),
('DMNDLN91B07F839O','PR0029','O000526'),
('CLMRZP95W04F205F','PR0006','O000527'),
('DSNFRR97A16H501K','PR0051','O000528'),
('VRGPLN00C18H501P','PR0055','O000529'),
('VRGMRN89M01F839X','PR0011','O000530'),
('RSSMRA90C15F205K','PR0005','O000531'),
('VRGPLN00C18H501P','PR0006','O000532'),
('BNCMRA70A01H501Z','PR0041','O000533'),
('VRGPLN00C18H501P','PR0013','O000534'),
('VRGPLN00C18H501P','PR0060','O000535'),
('PGRTNV11N24F839A','PR0009','O000536'),
('PNCLRL89J14H501X','PR0025','O000537'),
('GLCPTR98X16F839K','PR0057','O000538'),
('VRGPLN00C18H501P','PR0059','O000539'),
('MRCBRT10D23F839S','PR0044','O000540'),
('VRGPLN00C18H501P','PR0026','O000541'),
('VRGPLN00C18H501P','PR0040','O000542'),
('MNTLVR03M27F205A','PR0038','O000543'),
('VRGPLN00C18H501P','PR0024','O000544'),
('BGNRPN56M27H501W','PR0039','O000545'),
('VRGPLN00C18H501P','PR0001','O000546'),
('BSCNRT67D02F205Q','PR0055','O000547'),
('RTNLFR90E30H501R','PR0033','O000548'),
('BSCNRT67D02F205Q','PR0061','O000549'),
('BSCNRT67D02F205Q','PR0028','O000550'),
('RTNLFR90E30H501R','PR0003','O000551'),
('VRDNCL88M20H501Y','PR0016','O000552'),
('RTNLFR90E30H501R','PR0059','O000553'),
('MTNDRG76I19H501V','PR0061','O000554'),
('BSCNRT67D02F205Q','PR0010','O000555'),
('BSCNRT67D02F205Q','PR0026','O000556'),
('GLCPTR98X16F839K','PR0039','O000557'),
('RTNLFR90E30H501R','PR0039','O000558'),
('BSCNRT67D02F205Q','PR0021','O000559'),
('RTNLFR90E30H501R','PR0061','O000560'),
('FLLRMA02L10F205Y','PR0006','O000561'),
('BSCNRT67D02F205Q','PR0003','O000562'),
('RTNLFR90E30H501R','PR0034','O000563'),
('BSCNRT67D02F205Q','PR0013','O000564'),
('PLTRMN97F11F839S','PR0052','O000565'),
('RTNLFR90E30H501R','PR0018','O000566'),
('MNTLVR03M27F205A','PR0058','O000567'),
('MRCLRZ03F21F205R','PR0054','O000568'),
('RTNLFR90E30H501R','PR0019','O000569'),
('SLTRFN09S15F839E','PR0046','O000570'),
('LDVRTN66P17H501B','PR0009','O000571'),
('RGLTTP93J03F839W','PR0029','O000572'),
('SVNTBR88G25H501T','PR0038','O000573'),
('PLTRMN97F11F839S','PR0014','O000574'),
('SVNTBR88G25H501T','PR0024','O000575'),
('DRGLLN68L11H501Z','PR0034','O000576'),
('BNZLPR85K27H501X','PR0037','O000577'),
('CTTRMN87F08F205P','PR0016','O000578'),
('CGNLLA05H04F205U','PR0031','O000579'),
('CRDLNM04V07F839F','PR0016','O000580'),
('MTNDRG76I19H501V','PR0047','O000581'),
('MTNDRG76I19H501V','PR0024','O000582'),
('SVNTBR88G25H501T','PR0017','O000583'),
('MTNDRG76I19H501V','PR0039','O000584'),
('MTNDRG76I19H501V','PR0006','O000585'),
('DRGLLN68L11H501Z','PR0046','O000586'),
('FRTLNZ85R12F839A','PR0015','O000587'),
('PLMTTR12C25H501O','PR0020','O000588'),
('CGNLLA05H04F205U','PR0050','O000589'),
('PLTRMN97F11F839S','PR0043','O000590'),
('RGLTTP93J03F839W','PR0047','O000591'),
('SVNTBR88G25H501T','PR0049','O000592'),
('SVNTBR88G25H501T','PR0008','O000593'),
('CGNLLA05H04F205U','PR0032','O000594'),
('CGNLLA05H04F205U','PR0040','O000595'),
('PLTRMN97F11F839S','PR0019','O000596'),
('MTNDRG76I19H501V','PR0027','O000597'),
('CGNLLA05H04F205U','PR0024','O000598'),
('SVNTBR88G25H501T','PR0051','O000599'),
('SVNTBR88G25H501T','PR0054','O000600'),
('MTNDRG76I19H501V','PR0040','O000601'),
('CGNLLA05H04F205U','PR0050','O000602'),
('CGNLLA05H04F205U','PR0033','O000603'),
('MTNDRG76I19H501V','PR0022','O000604'),
('PNCLMR78R20H501D','PR0003','O000605'),
('BNZLPR85K27H501X','PR0046','O000606'),
('BNZLPR85K27H501X','PR0059','O000607'),
('BNZLPR85K27H501X','PR0054','O000608'),
('RGLTTP93J03F839W','PR0017','O000609'),
('FLLRMA02L10F205Y','PR0004','O000610'),
('BNZLPR85K27H501X','PR0053','O000611'),
('RGLTTP93J03F839W','PR0044','O000612'),
('RGLTTP93J03F839W','PR0056','O000613'),
('RGLTTP93J03F839W','PR0010','O000614'),
('FLLRMA02L10F205Y','PR0048','O000615'),
('NVLLBR81Y21H501L','PR0002','O000616'),
('FLLRMA02L10F205Y','PR0010','O000617'),
('FLLRMA02L10F205Y','PR0043','O000618'),
('CLMRZP95W04F205F','PR0048','O000619'),
('PLTRMN97F11F839S','PR0020','O000620'),
('RGLTTP93J03F839W','PR0053','O000621'),
('RGLTTP93J03F839W','PR0047','O000622'),
('FLLRMA02L10F205Y','PR0057','O000623'),
('RGLTTP93J03F839W','PR0040','O000624'),
('BNZLPR85K27H501X','PR0010','O000625'),
('TMRNDR01H01F205W','PR0045','O000626'),
('DRGLLN68L11H501Z','PR0040','O000627'),
('PRRLDG05C02H501M','PR0030','O000628'),
('CGNLLA05H04F205U','PR0006','O000629'),
('BNZLPR85K27H501X','PR0026','O000630'),
('FLLRMA02L10F205Y','PR0009','O000631'),
('RGLTTP93J03F839W','PR0029','O000632'),
('CRSNMD79M08H501Z','PR0023','O000633'),
('CRSNMD79M08H501Z','PR0030','O000634'),
('CRDLNM04V07F839F','PR0015','O000635'),
('CRSNMD79M08H501Z','PR0008','O000636'),
('PGRTNV11N24F839A','PR0063','O000637'),
('SVNTBR88G25H501T','PR0014','O000638'),
('PGRTNV11N24F839A','PR0021','O000639'),
('PGRTNV11N24F839A','PR0052','O000640'),
('LDVRTN66P17H501B','PR0032','O000641'),
('PGRTNV11N24F839A','PR0029','O000642'),
('VRGPLN00C18H501P','PR0046','O000643'),
('SLVSTR07Y07F205K','PR0043','O000644'),
('CRSNMD79M08H501Z','PR0015','O000645'),
('DSNFRR97A16H501K','PR0034','O000646'),
('LDVRTN66P17H501B','PR0031','O000647'),
('BLTRSV92Q22H501D','PR0049','O000648'),
('LDVRTN66P17H501B','PR0017','O000649'),
('LDVRTN66P17H501B','PR0051','O000650'),
('LDVRTN66P17H501B','PR0029','O000651'),
('LDVRTN66P17H501B','PR0058','O000652'),
('TMBRNL94Q02F205C','PR0049','O000653'),
('TMBRNL94Q02F205C','PR0043','O000654'),
('TMBRNL94Q02F205C','PR0060','O000655'),
('TMBRNL94Q02F205C','PR0046','O000656'),
('TMBRNL94Q02F205C','PR0008','O000657'),
('TMBRNL94Q02F205C','PR0059','O000658'),
('BRZLLI55N17H501Y','PR0055','O000659'),
('SVRGLN94K02F839Y','PR0057','O000660'),
('TMBRNL94Q02F205C','PR0030','O000661'),
('TMBRNL94Q02F205C','PR0001','O000662'),
('BNZLPR85K27H501X','PR0032','O000663'),
('DLMCRZ91Z25H501I','PR0008','O000664'),
('TMBRNL94Q02F205C','PR0060','O000665'),
('TMBRNL94Q02F205C','PR0050','O000666'),
('DLMCRZ91Z25H501I','PR0056','O000667'),
('CRDMNC69R02H501A','PR0023','O000668'),
('TMBRNL94Q02F205C','PR0057','O000669'),
('TRNLDV99S11H501C','PR0058','O000670'),
('TMBRNL94Q02F205C','PR0004','O000671'),
('PNCLMR78R20H501D','PR0033','O000672'),
('TMBRNL94Q02F205C','PR0033','O000673'),
('DZMNRT09B14F205N','PR0002','O000674'),
('CRLVNC85A03H501M','PR0043','O000675'),
('GLCPTR98X16F839K','PR0046','O000676'),
('CRSNGL80S30H501F','PR0045','O000677'),
('TMBRNL94Q02F205C','PR0045','O000678'),
('TMBRNL94Q02F205C','PR0037','O000679'),
('TMBRNL94Q02F205C','PR0028','O000680'),
('TMBRNL94Q02F205C','PR0008','O000681'),
('TMBRNL94Q02F205C','PR0004','O000682'),
('SLTRFN09S15F839E','PR0010','O000683'),
('PNCLMR78R20H501D','PR0062','O000684'),
('SLTRFN09S15F839E','PR0004','O000685'),
('VRGNTN72T26H501F','PR0048','O000686'),
('SLTRFN09S15F839E','PR0001','O000687'),
('VRNDTM05R13F205E','PR0024','O000688'),
('SLTRFN09S15F839E','PR0023','O000689'),
('SLTRFN09S15F839E','PR0016','O000690'),
('ZPLNFR99P09F839C','PR0012','O000691'),
('VRGNTN72T26H501F','PR0055','O000692'),
('PRRLDG05C02H501M','PR0049','O000693'),
('SLTRFN09S15F839E','PR0017','O000694'),
('PNCLMR78R20H501D','PR0036','O000695'),
('SLTRFN09S15F839E','PR0018','O000696'),
('PNCLMR78R20H501D','PR0024','O000697'),
('PNCLMR78R20H501D','PR0011','O000698'),
('SLTRFN09S15F839E','PR0025','O000699'),
('PNZLFC12E05H501T','PR0026','O000700'),
('VRGNTN72T26H501F','PR0042','O000701'),
('PNCLMR78R20H501D','PR0030','O000702'),
('PNCLMR78R20H501D','PR0009','O000703'),
('VRGNTN72T26H501F','PR0050','O000704'),
('VRGNTN72T26H501F','PR0033','O000705'),
('SLTRFN09S15F839E','PR0053','O000706'),
('NVLLSN67Y11F839H','PR0016','O000707'),
('VRGNTN72T26H501F','PR0036','O000708'),
('PNCLMR78R20H501D','PR0010','O000709'),
('VDLRSP72T18H501C','PR0015','O000710'),
('CRDLNM04V07F839F','PR0050','O000711'),
('FRLLPI98S12F205B','PR0001','O000712'),
('MBRZLR88V09H501H','PR0055','O000713'),
('PNDRML04W21F839I','PR0004','O000714'),
('PNDRML04W21F839I','PR0059','O000715'),
('PNDRML04W21F839I','PR0058','O000716'),
('TLLGNR82X14H501J','PR0035','O000717'),
('CNTRSS95U03F205G','PR0045','O000718'),
('MBRZLR88V09H501H','PR0041','O000719'),
('CNTRSS95U03F205G','PR0033','O000720'),
('MBRZLR88V09H501H','PR0049','O000721'),
('CNTRSS95U03F205G','PR0023','O000722'),
('MBRZLR88V09H501H','PR0056','O000723'),
('TLLGNR82X14H501J','PR0039','O000724'),
('PNDRML04W21F839I','PR0031','O000725'),
('TLLGNR82X14H501J','PR0002','O000726'),
('TLLGNR82X14H501J','PR0009','O000727'),
('MTNDRG76I19H501V','PR0029','O000728'),
('TLLGNR82X14H501J','PR0032','O000729'),
('PLCRFR81R26F839B','PR0061','O000730'),
('CNTRSS95U03F205G','PR0040','O000731'),
('PNDRML04W21F839I','PR0049','O000732'),
('TLLGNR82X14H501J','PR0007','O000733'),
('MNTRNL73V28F205I','PR0014','O000734'),
('MBRZLR88V09H501H','PR0025','O000735'),
('CNTRSS95U03F205G','PR0060','O000736'),
('TLLGNR82X14H501J','PR0002','O000737'),
('PNDRML04W21F839I','PR0061','O000738'),
('TLLGNR82X14H501J','PR0017','O000739'),
('CNTRSS95U03F205G','PR0060','O000740'),
('PLTRMN97F11F839S','PR0058','O000741'),
('MBRZLR88V09H501H','PR0013','O000742'),
('MBRZLR88V09H501H','PR0004','O000743'),
('GRMNDL61Z29H501L','PR0063','O000744'),
('CRLVNC85A03H501M','PR0049','O000745'),
('CLMRZP95W04F205F','PR0024','O000746'),
('MBRZLR88V09H501H','PR0014','O000747'),
('CRLVNC85A03H501M','PR0044','O000748'),
('CRLVNC85A03H501M','PR0024','O000749'),
('GRMNDL61Z29H501L','PR0020','O000750'),
('SLVRML74D19F839N','PR0061','O000751'),
('BSCNRT67D02F205Q','PR0051','O000752'),
('MLNDRZ73T03F205D','PR0054','O000753'),
('SLVSTR07Y07F205K','PR0048','O000754'),
('CLMRZP95W04F205F','PR0034','O000755'),
('GRMNDL61Z29H501L','PR0036','O000756'),
('GRMNDL61Z29H501L','PR0041','O000757'),
('NVLLBR81Y21H501L','PR0062','O000758'),
('SLVSTR07Y07F205K','PR0026','O000759'),
('GRMNDL61Z29H501L','PR0026','O000760'),
('SLVSTR07Y07F205K','PR0017','O000761'),
('CRLVNC85A03H501M','PR0020','O000762'),
('SLVSTR07Y07F205K','PR0003','O000763'),
('BNZLPR85K27H501X','PR0002','O000764'),
('CRLVNC85A03H501M','PR0025','O000765'),
('DZMNRT09B14F205N','PR0011','O000766'),
('FRCSNZ86N05H501B','PR0004','O000767'),
('DZMNRT09B14F205N','PR0040','O000768'),
('PLMTTR12C25H501O','PR0051','O000769'),
('SVNTBR88G25H501T','PR0034','O000770'),
('DZMNRT09B14F205N','PR0005','O000771'),
('DZMNRT09B14F205N','PR0032','O000772'),
('PLMTTR12C25H501O','PR0049','O000773'),
('PLTRMN97F11F839S','PR0003','O000774'),
('RCCNTR82Z05F839J','PR0010','O000775'),
('SBNDLR02W04H501J','PR0011','O000776'),
('TRNLDV99S11H501C','PR0047','O000777'),
('DZMNRT09B14F205N','PR0057','O000778'),
('PLMTTR12C25H501O','PR0041','O000779'),
('DZMNRT09B14F205N','PR0026','O000780'),
('CRLVNC85A03H501M','PR0036','O000781'),
('SLTRFN09S15F839E','PR0034','O000782'),
('PLMTTR12C25H501O','PR0042','O000783'),
('PLMTTR12C25H501O','PR0002','O000784'),
('PLMTTR12C25H501O','PR0061','O000785'),
('DZMNRT09B14F205N','PR0005','O000786'),
('PLMTTR12C25H501O','PR0007','O000787'),
('DZMNRT09B14F205N','PR0011','O000788'),
('CRSNGL80S30H501F','PR0003','O000789'),
('DSNLRZ15N16F205X','PR0003','O000790'),
('PLMTTR12C25H501O','PR0060','O000791'),
('DZMNRT09B14F205N','PR0053','O000792'),
('PLMTTR12C25H501O','PR0020','O000793'),
('DZMNRT09B14F205N','PR0041','O000794'),
('DZMNRT09B14F205N','PR0047','O000795'),
('CTTRMN87F08F205P','PR0043','O000796'),
('FRSCBN77D06F839P','PR0053','O000797'),
('CNTRSS95U03F205G','PR0059','O000798'),
('FRSCBN77D06F839P','PR0031','O000799'),
('FRSCBN77D06F839P','PR0037','O000800'),
('VRGPLN00C18H501P','PR0027','O000801'),
('FRSCBN77D06F839P','PR0030','O000802'),
('FRSCBN77D06F839P','PR0056','O000803'),
('FRLLPI98S12F205B','PR0010','O000804'),
('FRSCBN77D06F839P','PR0030','O000805'),
('FRSCBN77D06F839P','PR0060','O000806'),
('FRSCBN77D06F839P','PR0056','O000807'),
('FRSCBN77D06F839P','PR0015','O000808'),
('FRSCBN77D06F839P','PR0036','O000809'),
('FRSCBN77D06F839P','PR0039','O000810'),
('FRSCBN77D06F839P','PR0009','O000811'),
('FRSCBN77D06F839P','PR0032','O000812'),
('PRRLDG05C02H501M','PR0026','O000813'),
('FRSCBN77D06F839P','PR0047','O000814'),
('FRSCBN77D06F839P','PR0020','O000815'),
('BGNRPN56M27H501W','PR0022','O000816'),
('FRSCBN77D06F839P','PR0022','O000817'),
('FRSCBN77D06F839P','PR0049','O000818'),
('FRSCBN77D06F839P','PR0061','O000819'),
('FRSCBN77D06F839P','PR0039','O000820'),
('FRSCBN77D06F839P','PR0058','O000821'),
('NVLLBR81Y21H501L','PR0048','O000822'),
('FRSCBN77D06F839P','PR0029','O000823'),
('FRSCBN77D06F839P','PR0024','O000824'),
('FRSCBN77D06F839P','PR0009','O000825'),
('GNDLRZ96Q05H501A','PR0035','O000826'),
('BGNRPN56M27H501W','PR0024','O000827'),
('BGLLCM98E18H501Q','PR0029','O000828'),
('MRCLRZ03F21F205R','PR0033','O000829'),
('BGLLCM98E18H501Q','PR0050','O000830'),
('BGLLCM98E18H501Q','PR0031','O000831'),
('CGNLLA05H04F205U','PR0061','O000832'),
('MRCLRZ03F21F205R','PR0059','O000833'),
('SGRVLD95C09F205R','PR0039','O000834'),
('MRCLRZ03F21F205R','PR0026','O000835'),
('SMTRLN65J12H501U','PR0020','O000836'),
('BGLLCM98E18H501Q','PR0040','O000837'),
('BGLLCM98E18H501Q','PR0001','O000838'),
('DLMCRZ91Z25H501I','PR0011','O000839'),
('MRCLRZ03F21F205R','PR0050','O000840'),
('MRCLRZ03F21F205R','PR0059','O000841'),
('BGLLCM98E18H501Q','PR0027','O000842'),
('BGLLCM98E18H501Q','PR0044','O000843'),
('MRCLRZ03F21F205R','PR0022','O000844'),
('MRCLRZ03F21F205R','PR0047','O000845'),
('BGLLCM98E18H501Q','PR0016','O000846'),
('BGLLCM98E18H501Q','PR0014','O000847'),
('CRSNGL80S30H501F','PR0018','O000848'),
('MLLSMT82P65Z404U','PR0016','O000849'),
('MRCLRZ03F21F205R','PR0061','O000850'),
('DLCRSN88M21F205D','PR0023','O000851'),
('VRGNTN72T26H501F','PR0038','O000852'),
('CLPRTV84A13H501N','PR0026','O000853'),
('MRCLRZ03F21F205R','PR0054','O000854'),
('BGLLCM98E18H501Q','PR0058','O000855'),
('MRCLRZ03F21F205R','PR0042','O000856'),
('MRCLRZ03F21F205R','PR0037','O000857'),
('MRCLRZ03F21F205R','PR0058','O000858'),
('MRCLRZ03F21F205R','PR0010','O000859'),
('MRCLRZ03F21F205R','PR0060','O000860'),
('MMTLLS80V21H501E','PR0051','O000861'),
('DLMGNA70G29H501S','PR0044','O000862'),
('VNCRDL91H04F839T','PR0057','O000863'),
('DLMGNA70G29H501S','PR0045','O000864'),
('DLMGNA70G29H501S','PR0054','O000865'),
('LPDGLA14K30F205V','PR0053','O000866'),
('LDVRTN66P17H501B','PR0055','O000867'),
('VNCRDL91H04F839T','PR0001','O000868'),
('LVTRNZ87Q24F839Z','PR0040','O000869'),
('VNCRDL91H04F839T','PR0053','O000870'),
('VNCRDL91H04F839T','PR0009','O000871'),
('DLMGNA70G29H501S','PR0024','O000872'),
('DLMGNA70G29H501S','PR0062','O000873'),
('DLMGNA70G29H501S','PR0041','O000874'),
('VNCRDL91H04F839T','PR0039','O000875'),
('DLMGNA70G29H501S','PR0029','O000876'),
('BSCNRT67D02F205Q','PR0018','O000877'),
('DLMGNA70G29H501S','PR0051','O000878'),
('VDLRSP72T18H501C','PR0062','O000879'),
('GNDLRZ96Q05H501A','PR0047','O000880'),
('VNCRDL91H04F839T','PR0062','O000881'),
('DSNLRZ15N16F205X','PR0034','O000882'),
('LSRZMN15T07F839G','PR0028','O000883'),
('VNCRDL91H04F839T','PR0022','O000884'),
('VNCRDL91H04F839T','PR0043','O000885'),
('SLVRML74D19F839N','PR0024','O000886');

-- RENDIMENTO_GIORNALIERO
INSERT INTO RENDIMENTO_GIORNALIERO(nome, data, numero_vendite, fatturato)
VALUES
('ZR01', '2025-08-15', 3, 18.2),
('ZR01', '2025-08-16', 5, 24.0),
('ZR01', '2025-08-17', 4, 29.5),
('ZR01', '2025-08-18', 5, 68.5),
('ZR01', '2025-08-19', 7, 42.9),
('ZR01', '2025-08-21', 4, 31.5),
('ZR01', '2025-08-22', 2, 12.0),
('ZR01', '2025-08-23', 1, 12.0),
('ZR01', '2025-08-24', 3, 17.5),
('ZR01', '2025-08-25', 5, 45.0),
('ZR01', '2025-08-26', 4, 41.3),
('ZR01', '2025-08-27', 5, 36.0),
('ZR01', '2025-08-28', 2, 12.0),
('ZR01', '2025-08-29', 5, 41.1),
('ZR01', '2025-08-30', 8, 60.0),
('ZR01', '2025-08-31', 2, 18.0),
('ZR01', '2025-08-01', 2, 42.0),
('ZR01', '2025-08-02', 1, 12.0),
('ZR01', '2025-08-03', 2, 23.5),
('ZR01', '2025-08-04', 4, 28.5),
('ZR01', '2025-08-05', 3, 13.0),
('ZR01', '2025-08-07', 3, 23.5),
('ZR01', '2025-08-08', 7, 82.0),
('ZR01', '2025-08-09', 5, 55.0),
('ZR01', '2025-08-11', 1, 15.0),
('ZR01', '2025-08-12', 7, 37.6),
('ZR01', '2025-08-13', 6, 86.0),
('ZR01', '2025-08-14', 2, 30.5),
('ZR02', '2025-08-15', 5, 54.0),
('ZR02', '2025-08-16', 3, 35.0),
('ZR02', '2025-08-18', 2, 21.0),
('ZR02', '2025-08-19', 1, 6.0),
('ZR02', '2025-08-20', 6, 66.0),
('ZR02', '2025-08-21', 3, 23.5),
('ZR02', '2025-08-22', 5, 47.0),
('ZR02', '2025-08-23', 7, 46.5),
('ZR02', '2025-08-24', 5, 85.5),
('ZR02', '2025-08-25', 5, 31.5),
('ZR02', '2025-08-26', 4, 61.5),
('ZR02', '2025-08-27', 1, 6.0),
('ZR02', '2025-08-28', 4, 25.0),
('ZR02', '2025-08-29', 5, 48.0),
('ZR02', '2025-08-30', 2, 11.0),
('ZR02', '2025-08-31', 1, 2.0),
('ZR02', '2025-08-01', 1, 10.0),
('ZR02', '2025-08-02', 3, 17.5),
('ZR02', '2025-08-03', 5, 116.5),
('ZR02', '2025-08-04', 7, 51.0),
('ZR02', '2025-08-05', 4, 31.0),
('ZR02', '2025-08-06', 5, 63.5),
('ZR02', '2025-08-07', 1, 30.0),
('ZR02', '2025-08-08', 1, 4.0),
('ZR02', '2025-08-09', 2, 53.0),
('ZR02', '2025-08-10', 4, 31.5),
('ZR02', '2025-08-11', 4, 18.7),
('ZR02', '2025-08-12', 4, 69.5),
('ZR02', '2025-08-13', 4, 17.0),
('ZR03', '2025-08-15', 5, 36.0),
('ZR03', '2025-08-16', 3, 16.5),
('ZR03', '2025-08-17', 7, 47.8),
('ZR03', '2025-08-18', 4, 31.0),
('ZR03', '2025-08-21', 3, 21.5),
('ZR03', '2025-08-22', 2, 22.5),
('ZR03', '2025-08-23', 3, 62.0),
('ZR03', '2025-08-24', 5, 33.3),
('ZR03', '2025-08-25', 4, 23.0),
('ZR03', '2025-08-26', 1, 11.0),
('ZR03', '2025-08-27', 5, 27.5),
('ZR03', '2025-08-28', 7, 39.5),
('ZR03', '2025-08-29', 2, 10.0),
('ZR03', '2025-08-30', 3, 23.2),
('ZR03', '2025-08-31', 9, 79.1),
('ZR03', '2025-08-01', 3, 16.7),
('ZR03', '2025-08-02', 2, 14.0),
('ZR03', '2025-08-03', 3, 26.0),
('ZR03', '2025-08-04', 4, 29.0),
('ZR03', '2025-08-05', 4, 19.5),
('ZR03', '2025-08-07', 5, 48.0),
('ZR03', '2025-08-08', 1, 11.0),
('ZR03', '2025-08-10', 2, 10.0),
('ZR03', '2025-08-11', 1, 2.5),
('ZR03', '2025-08-12', 4, 29.0),
('ZR03', '2025-08-13', 8, 99.0),
('ZR03', '2025-08-14', 3, 18.2),
('ZR04', '2025-08-15', 4, 9.8),
('ZR04', '2025-08-16', 2, 6.5),
('ZR04', '2025-08-17', 2, 3.7),
('ZR04', '2025-08-18', 2, 9.0),
('ZR04', '2025-08-19', 2, 7.4),
('ZR04', '2025-08-20', 5, 17.0),
('ZR04', '2025-08-21', 2, 11.0),
('ZR04', '2025-08-22', 2, 5.7),
('ZR04', '2025-08-23', 5, 11.9),
('ZR04', '2025-08-24', 2, 7.6),
('ZR04', '2025-08-25', 3, 11.8),
('ZR04', '2025-08-26', 5, 18.3),
('ZR04', '2025-08-27', 2, 9.0),
('ZR04', '2025-08-30', 2, 10.7),
('ZR04', '2025-08-31', 2, 5.8),
('ZR04', '2025-08-01', 3, 9.8),
('ZR04', '2025-08-02', 6, 23.8),
('ZR04', '2025-08-03', 3, 10.3),
('ZR04', '2025-08-04', 4, 15.0),
('ZR04', '2025-08-05', 7, 24.3),
('ZR04', '2025-08-07', 5, 20.8),
('ZR04', '2025-08-08', 5, 17.6),
('ZR04', '2025-08-09', 1, 5.0),
('ZR04', '2025-08-11', 5, 16.3),
('ZR04', '2025-08-12', 4, 16.0),
('ZR04', '2025-08-13', 2, 5.7),
('ZR04', '2025-08-14', 4, 14.1),
('ZR05', '2025-08-15', 2, 8.4),
('ZR05', '2025-08-16', 2, 12.3),
('ZR05', '2025-08-17', 7, 32.0),
('ZR05', '2025-08-18', 2, 8.7),
('ZR05', '2025-08-20', 2, 8.8),
('ZR05', '2025-08-21', 1, 5.5),
('ZR05', '2025-08-22', 5, 17.4),
('ZR05', '2025-08-23', 2, 5.7),
('ZR05', '2025-08-24', 3, 8.5),
('ZR05', '2025-08-25', 2, 7.7),
('ZR05', '2025-08-26', 4, 10.8),
('ZR05', '2025-08-27', 3, 10.2),
('ZR05', '2025-08-28', 2, 7.0),
('ZR05', '2025-08-29', 1, 2.0),
('ZR05', '2025-08-30', 2, 7.0),
('ZR05', '2025-08-31', 2, 6.9),
('ZR05', '2025-08-01', 4, 22.0),
('ZR05', '2025-08-02', 2, 6.0),
('ZR05', '2025-08-04', 3, 10.1),
('ZR05', '2025-08-05', 2, 7.3),
('ZR05', '2025-08-06', 1, 2.8),
('ZR05', '2025-08-07', 3, 7.9),
('ZR05', '2025-08-09', 4, 15.5),
('ZR05', '2025-08-10', 2, 5.3),
('ZR05', '2025-08-11', 1, 3.9),
('ZR05', '2025-08-13', 2, 10.0),
('ZR05', '2025-08-14', 1, 3.5),
('ZR06', '2025-08-15', 5, 54.5),
('ZR06', '2025-08-16', 6, 37.2),
('ZR06', '2025-08-17', 5, 27.2),
('ZR06', '2025-08-18', 2, 46.0),
('ZR06', '2025-08-19', 2, 12.0),
('ZR06', '2025-08-20', 1, 6.5),
('ZR06', '2025-08-21', 3, 48.5),
('ZR06', '2025-08-22', 3, 50.0),
('ZR06', '2025-08-23', 1, 6.0),
('ZR06', '2025-08-24', 3, 29.8),
('ZR06', '2025-08-25', 1, 4.0),
('ZR06', '2025-08-26', 2, 40.0),
('ZR06', '2025-08-27', 2, 9.0),
('ZR06', '2025-08-28', 1, 9.0),
('ZR06', '2025-08-29', 3, 10.5),
('ZR06', '2025-08-30', 6, 33.0),
('ZR06', '2025-08-31', 5, 117.0),
('ZR06', '2025-08-01', 3, 26.0),
('ZR06', '2025-08-02', 3, 14.3),
('ZR06', '2025-08-03', 5, 90.0),
('ZR06', '2025-08-04', 5, 29.5),
('ZR06', '2025-08-06', 3, 44.0),
('ZR06', '2025-08-07', 3, 23.0),
('ZR06', '2025-08-08', 3, 20.2),
('ZR06', '2025-08-09', 6, 76.5),
('ZR06', '2025-08-10', 6, 23.5),
('ZR06', '2025-08-11', 4, 36.0),
('ZR06', '2025-08-12', 6, 40.5),
('ZR06', '2025-08-13', 6, 50.0),
('ZR06', '2025-08-14', 7, 46.9),
('ZR07', '2025-08-15', 4, 50.0),
('ZR07', '2025-08-16', 4, 33.5),
('ZR07', '2025-08-17', 1, 12.0),
('ZR07', '2025-08-18', 4, 61.0),
('ZR07', '2025-08-19', 5, 35.2),
('ZR07', '2025-08-20', 5, 46.0),
('ZR07', '2025-08-22', 2, 16.0),
('ZR07', '2025-08-24', 3, 15.0),
('ZR07', '2025-08-25', 8, 81.5),
('ZR07', '2025-08-26', 3, 11.3),
('ZR07', '2025-08-27', 2, 20.0),
('ZR07', '2025-08-28', 2, 14.0),
('ZR07', '2025-08-29', 4, 33.8),
('ZR07', '2025-08-30', 2, 28.0),
('ZR07', '2025-08-31', 2, 31.5),
('ZR07', '2025-08-01', 2, 33.5),
('ZR07', '2025-08-03', 3, 25.5),
('ZR07', '2025-08-04', 5, 43.0),
('ZR07', '2025-08-05', 3, 17.2),
('ZR07', '2025-08-06', 7, 55.5),
('ZR07', '2025-08-07', 3, 19.0),
('ZR07', '2025-08-08', 6, 57.0),
('ZR07', '2025-08-09', 9, 90.0),
('ZR07', '2025-08-10', 2, 8.0),
('ZR07', '2025-08-11', 1, 12.0),
('ZR07', '2025-08-12', 5, 37.5),
('ZR07', '2025-08-13', 5, 71.0),
('ZR07', '2025-08-14', 1, 7.0),
('ZR08', '2025-08-15', 3, 26.5),
('ZR08', '2025-08-16', 3, 55.0),
('ZR08', '2025-08-17', 3, 19.5),
('ZR08', '2025-08-18', 4, 31.0),
('ZR08', '2025-08-20', 4, 33.5),
('ZR08', '2025-08-21', 5, 69.5),
('ZR08', '2025-08-22', 4, 28.0),
('ZR08', '2025-08-23', 7, 86.0),
('ZR08', '2025-08-24', 2, 20.0),
('ZR08', '2025-08-25', 1, 11.0),
('ZR08', '2025-08-26', 1, 12.0),
('ZR08', '2025-08-27', 2, 50.0),
('ZR08', '2025-08-28', 3, 48.5),
('ZR08', '2025-08-30', 6, 71.5),
('ZR08', '2025-08-31', 2, 39.5),
('ZR08', '2025-08-01', 6, 66.5),
('ZR08', '2025-08-03', 1, 5.0),
('ZR08', '2025-08-04', 3, 24.0),
('ZR08', '2025-08-05', 2, 6.5),
('ZR08', '2025-08-06', 2, 17.5),
('ZR08', '2025-08-07', 6, 46.5),
('ZR08', '2025-08-08', 7, 73.0),
('ZR08', '2025-08-09', 4, 47.0),
('ZR08', '2025-08-10', 1, 16.0),
('ZR08', '2025-08-11', 5, 42.0),
('ZR08', '2025-08-12', 5, 35.0),
('ZR08', '2025-08-13', 4, 27.0),
('ZR08', '2025-08-14', 1, 1.5),
('ZR09', '2025-08-15', 3, 8.2),
('ZR09', '2025-08-16', 5, 19.0),
('ZR09', '2025-08-17', 2, 9.6),
('ZR09', '2025-08-18', 1, 3.5),
('ZR09', '2025-08-19', 2, 5.0),
('ZR09', '2025-08-20', 2, 5.6),
('ZR09', '2025-08-21', 1, 4.5),
('ZR09', '2025-08-23', 4, 11.5),
('ZR09', '2025-08-24', 5, 12.7),
('ZR09', '2025-08-25', 4, 16.5),
('ZR09', '2025-08-26', 3, 13.1),
('ZR09', '2025-08-27', 2, 10.0),
('ZR09', '2025-08-28', 1, 1.5),
('ZR09', '2025-08-29', 3, 7.5),
('ZR09', '2025-08-30', 1, 5.0),
('ZR09', '2025-08-31', 3, 15.0),
('ZR09', '2025-08-01', 4, 15.7),
('ZR09', '2025-08-02', 1, 3.0),
('ZR09', '2025-08-03', 1, 3.5),
('ZR09', '2025-08-04', 2, 8.1),
('ZR09', '2025-08-05', 3, 12.5),
('ZR09', '2025-08-06', 2, 5.9),
('ZR09', '2025-08-07', 2, 4.8),
('ZR09', '2025-08-09', 1, 1.5),
('ZR09', '2025-08-10', 2, 9.5),
('ZR09', '2025-08-11', 7, 24.8),
('ZR09', '2025-08-12', 2, 9.3),
('ZR09', '2025-08-13', 4, 6.1),
('ZR09', '2025-08-14', 1, 3.0),
('ZR10', '2025-08-15', 1, 1.4),
('ZR10', '2025-08-16', 1, 3.8),
('ZR10', '2025-08-17', 4, 15.4),
('ZR10', '2025-08-18', 3, 12.9),
('ZR10', '2025-08-19', 5, 9.0),
('ZR10', '2025-08-20', 2, 8.0),
('ZR10', '2025-08-21', 1, 3.5),
('ZR10', '2025-08-22', 2, 2.6),
('ZR10', '2025-08-23', 3, 11.9),
('ZR10', '2025-08-24', 1, 2.2),
('ZR10', '2025-08-25', 3, 11.3),
('ZR10', '2025-08-28', 4, 14.8),
('ZR10', '2025-08-29', 3, 8.2),
('ZR10', '2025-08-30', 5, 17.3),
('ZR10', '2025-08-31', 3, 8.5),
('ZR10', '2025-08-01', 2, 10.0),
('ZR10', '2025-08-02', 2, 8.0),
('ZR10', '2025-08-03', 1, 2.8),
('ZR10', '2025-08-04', 5, 18.1),
('ZR10', '2025-08-05', 1, 1.2),
('ZR10', '2025-08-06', 1, 3.8),
('ZR10', '2025-08-07', 4, 7.2),
('ZR10', '2025-08-08', 1, 6.5),
('ZR10', '2025-08-09', 2, 4.9),
('ZR10', '2025-08-10', 2, 5.7),
('ZR10', '2025-08-11', 2, 8.7),
('ZR10', '2025-08-12', 1, 6.5),
('ZR10', '2025-08-13', 1, 5.0),
('ZR10', '2025-08-14', 4, 12.6),
('ZR11', '2025-08-15', 7, 68.0),
('ZR11', '2025-08-17', 2, 9.5),
('ZR11', '2025-08-18', 5, 53.5),
('ZR11', '2025-08-19', 2, 16.0),
('ZR11', '2025-08-20', 3, 42.3),
('ZR11', '2025-08-21', 4, 14.4),
('ZR11', '2025-08-22', 2, 15.5),
('ZR11', '2025-08-23', 2, 10.0),
('ZR11', '2025-08-24', 4, 14.6),
('ZR11', '2025-08-25', 3, 33.5),
('ZR11', '2025-08-27', 4, 35.0),
('ZR11', '2025-08-28', 2, 28.0),
('ZR11', '2025-08-29', 2, 17.0),
('ZR11', '2025-08-30', 1, 15.0),
('ZR11', '2025-08-31', 5, 45.0),
('ZR11', '2025-08-01', 1, 2.0),
('ZR11', '2025-08-02', 2, 4.0),
('ZR11', '2025-08-03', 2, 9.6),
('ZR11', '2025-08-04', 2, 22.0),
('ZR11', '2025-08-06', 1, 5.5),
('ZR11', '2025-08-07', 1, 7.5),
('ZR11', '2025-08-08', 5, 45.0),
('ZR11', '2025-08-09', 1, 4.5),
('ZR11', '2025-08-10', 2, 27.0),
('ZR11', '2025-08-12', 2, 45.0),
('ZR11', '2025-08-13', 5, 56.0),
('ZR11', '2025-08-14', 3, 34.0),
('ZR12', '2025-08-15', 3, 24.0),
('ZR12', '2025-08-16', 3, 22.5),
('ZR12', '2025-08-17', 3, 28.8),
('ZR12', '2025-08-18', 3, 14.5),
('ZR12', '2025-08-19', 1, 9.0),
('ZR12', '2025-08-22', 3, 31.0),
('ZR12', '2025-08-23', 2, 33.0),
('ZR12', '2025-08-24', 5, 80.0),
('ZR12', '2025-08-25', 1, 8.0),
('ZR12', '2025-08-26', 2, 31.0),
('ZR12', '2025-08-27', 12, 173.0),
('ZR12', '2025-08-28', 4, 29.0),
('ZR12', '2025-08-29', 2, 20.5),
('ZR12', '2025-08-30', 1, 12.0),
('ZR12', '2025-08-31', 3, 36.0),
('ZR12', '2025-08-01', 3, 21.3),
('ZR12', '2025-08-02', 3, 30.0),
('ZR12', '2025-08-03', 2, 29.5),
('ZR12', '2025-08-04', 2, 9.5),
('ZR12', '2025-08-05', 3, 10.7),
('ZR12', '2025-08-06', 1, 7.0),
('ZR12', '2025-08-07', 1, 14.0),
('ZR12', '2025-08-08', 4, 32.5),
('ZR12', '2025-08-09', 4, 32.6),
('ZR12', '2025-08-10', 3, 39.0),
('ZR12', '2025-08-11', 3, 85.0),
('ZR12', '2025-08-13', 3, 18.0),
('ZR12', '2025-08-14', 4, 29.0);

-- COMPOSIZIONE
INSERT INTO composizione(nome, data, codice_prodotto, codice_ordine)
VALUES
('ZR11','2025-08-15','PR0051','O000001'),
('ZR02','2025-08-15','PR0012','O000002'),
('ZR04','2025-08-15','PR0002','O000003'),
('ZR04','2025-08-15','PR0034','O000004'),
('ZR08','2025-08-15','PR0003','O000005'),
('ZR03','2025-08-15','PR0025','O000006'),
('ZR08','2025-08-15','PR0026','O000007'),
('ZR09','2025-08-15','PR0006','O000008'),
('ZR06','2025-08-15','PR0003','O000009'),
('ZR04','2025-08-15','PR0047','O000010'),
('ZR09','2025-08-15','PR0006','O000011'),
('ZR03','2025-08-15','PR0031','O000012'),
('ZR11','2025-08-15','PR0020','O000013'),
('ZR02','2025-08-15','PR0063','O000014'),
('ZR07','2025-08-15','PR0023','O000015'),
('ZR07','2025-08-15','PR0023','O000016'),
('ZR06','2025-08-15','PR0030','O000017'),
('ZR02','2025-08-15','PR0055','O000018'),
('ZR01','2025-08-15','PR0053','O000019'),
('ZR12','2025-08-15','PR0062','O000020'),
('ZR06','2025-08-15','PR0049','O000021'),
('ZR11','2025-08-15','PR0063','O000022'),
('ZR07','2025-08-15','PR0024','O000023'),
('ZR01','2025-08-15','PR0016','O000024'),
('ZR03','2025-08-15','PR0015','O000025'),
('ZR02','2025-08-15','PR0012','O000026'),
('ZR01','2025-08-15','PR0060','O000027'),
('ZR05','2025-08-15','PR0038','O000028'),
('ZR09','2025-08-15','PR0042','O000029'),
('ZR10','2025-08-15','PR0045','O000030'),
('ZR06','2025-08-15','PR0001','O000031'),
('ZR03','2025-08-15','PR0032','O000032'),
('ZR04','2025-08-15','PR0008','O000033'),
('ZR08','2025-08-15','PR0027','O000034'),
('ZR12','2025-08-15','PR0026','O000035'),
('ZR06','2025-08-16','PR0017','O000036'),
('ZR04','2025-08-16','PR0008','O000037'),
('ZR03','2025-08-16','PR0022','O000038'),
('ZR07','2025-08-16','PR0049','O000039'),
('ZR01','2025-08-16','PR0021','O000040'),
('ZR02','2025-08-16','PR0052','O000041'),
('ZR12','2025-08-16','PR0026','O000042'),
('ZR01','2025-08-16','PR0001','O000043'),
('ZR07','2025-08-16','PR0026','O000044'),
('ZR08','2025-08-16','PR0012','O000045'),
('ZR03','2025-08-16','PR0051','O000046'),
('ZR05','2025-08-16','PR0036','O000047'),
('ZR01','2025-08-16','PR0057','O000048'),
('ZR09','2025-08-16','PR0047','O000049'),
('ZR06','2025-08-16','PR0019','O000050'),
('ZR02','2025-08-16','PR0054','O000051'),
('ZR08','2025-08-16','PR0061','O000052'),
('ZR01','2025-08-16','PR0029','O000053'),
('ZR09','2025-08-16','PR0005','O000054'),
('ZR06','2025-08-16','PR0009','O000055'),
('ZR10','2025-08-16','PR0034','O000056'),
('ZR12','2025-08-16','PR0009','O000057'),
('ZR07','2025-08-16','PR0052','O000058'),
('ZR01','2025-08-16','PR0014','O000059'),
('ZR06','2025-08-16','PR0019','O000060'),
('ZR03','2025-08-16','PR0014','O000061'),
('ZR02','2025-08-16','PR0012','O000062'),
('ZR08','2025-08-16','PR0004','O000063'),
('ZR04','2025-08-16','PR0005','O000064'),
('ZR05','2025-08-16','PR0037','O000065'),
('ZR06','2025-08-16','PR0053','O000066'),
('ZR12','2025-08-16','PR0023','O000067'),
('ZR09','2025-08-16','PR0006','O000068'),
('ZR01','2025-08-17','PR0050','O000069'),
('ZR01','2025-08-17','PR0049','O000070'),
('ZR09','2025-08-17','PR0034','O000071'),
('ZR03','2025-08-17','PR0013','O000072'),
('ZR08','2025-08-17','PR0054','O000073'),
('ZR03','2025-08-17','PR0060','O000074'),
('ZR08','2025-08-17','PR0010','O000075'),
('ZR05','2025-08-17','PR0036','O000076'),
('ZR01','2025-08-17','PR0019','O000077'),
('ZR12','2025-08-17','PR0004','O000078'),
('ZR11','2025-08-17','PR0056','O000079'),
('ZR05','2025-08-17','PR0037','O000080'),
('ZR07','2025-08-17','PR0004','O000081'),
('ZR05','2025-08-17','PR0042','O000082'),
('ZR09','2025-08-17','PR0037','O000083'),
('ZR05','2025-08-17','PR0037','O000084'),
('ZR04','2025-08-17','PR0042','O000085'),
('ZR12','2025-08-17','PR0013','O000086'),
('ZR03','2025-08-17','PR0060','O000087'),
('ZR01','2025-08-17','PR0049','O000088'),
('ZR06','2025-08-17','PR0053','O000089'),
('ZR10','2025-08-17','PR0047','O000090'),
('ZR12','2025-08-17','PR0059','O000091'),
('ZR10','2025-08-17','PR0043','O000092'),
('ZR04','2025-08-17','PR0002','O000093'),
('ZR06','2025-08-17','PR0028','O000094'),
('ZR11','2025-08-17','PR0020','O000095'),
('ZR05','2025-08-17','PR0006','O000096'),
('ZR08','2025-08-17','PR0004','O000097'),
('ZR06','2025-08-17','PR0027','O000098'),
('ZR06','2025-08-17','PR0029','O000099'),
('ZR10','2025-08-17','PR0005','O000100'),
('ZR03','2025-08-17','PR0027','O000101'),
('ZR08','2025-08-18','PR0014','O000102'),
('ZR04','2025-08-18','PR0035','O000103'),
('ZR01','2025-08-18','PR0023','O000104'),
('ZR11','2025-08-18','PR0017','O000105'),
('ZR08','2025-08-18','PR0031','O000106'),
('ZR07','2025-08-18','PR0055','O000107'),
('ZR04','2025-08-18','PR0039','O000108'),
('ZR11','2025-08-18','PR0010','O000109'),
('ZR12','2025-08-18','PR0010','O000110'),
('ZR07','2025-08-18','PR0052','O000111'),
('ZR03','2025-08-18','PR0029','O000112'),
('ZR01','2025-08-18','PR0058','O000113'),
('ZR12','2025-08-18','PR0060','O000114'),
('ZR05','2025-08-18','PR0038','O000115'),
('ZR03','2025-08-18','PR0062','O000116'),
('ZR03','2025-08-18','PR0050','O000117'),
('ZR09','2025-08-18','PR0039','O000118'),
('ZR02','2025-08-18','PR0032','O000119'),
('ZR03','2025-08-18','PR0049','O000120'),
('ZR11','2025-08-18','PR0050','O000121'),
('ZR06','2025-08-18','PR0061','O000122'),
('ZR10','2025-08-18','PR0038','O000123'),
('ZR07','2025-08-18','PR0062','O000124'),
('ZR05','2025-08-18','PR0048','O000125'),
('ZR10','2025-08-18','PR0005','O000126'),
('ZR02','2025-08-18','PR0017','O000127'),
('ZR08','2025-08-18','PR0027','O000128'),
('ZR11','2025-08-18','PR0007','O000129'),
('ZR01','2025-08-18','PR0020','O000130'),
('ZR06','2025-08-18','PR0062','O000131'),
('ZR01','2025-08-18','PR0004','O000132'),
('ZR01','2025-08-18','PR0007','O000133'),
('ZR11','2025-08-18','PR0018','O000134'),
('ZR09','2025-08-19','PR0042','O000135'),
('ZR11','2025-08-19','PR0012','O000136'),
('ZR07','2025-08-19','PR0016','O000137'),
('ZR07','2025-08-19','PR0053','O000138'),
('ZR10','2025-08-19','PR0044','O000139'),
('ZR10','2025-08-19','PR0047','O000140'),
('ZR02','2025-08-19','PR0015','O000141'),
('ZR07','2025-08-19','PR0001','O000142'),
('ZR04','2025-08-19','PR0043','O000143'),
('ZR06','2025-08-19','PR0015','O000144'),
('ZR12','2025-08-19','PR0016','O000145'),
('ZR09','2025-08-19','PR0046','O000146'),
('ZR10','2025-08-19','PR0047','O000147'),
('ZR10','2025-08-19','PR0045','O000148'),
('ZR07','2025-08-19','PR0029','O000149'),
('ZR06','2025-08-19','PR0056','O000150'),
('ZR01','2025-08-19','PR0019','O000151'),
('ZR01','2025-08-19','PR0033','O000152'),
('ZR01','2025-08-19','PR0053','O000153'),
('ZR04','2025-08-19','PR0039','O000154'),
('ZR01','2025-08-19','PR0027','O000155'),
('ZR08','2025-08-20','PR0030','O000156'),
('ZR11','2025-08-20','PR0061','O000157'),
('ZR05','2025-08-20','PR0037','O000158'),
('ZR05','2025-08-20','PR0041','O000159'),
('ZR07','2025-08-20','PR0050','O000160'),
('ZR02','2025-08-20','PR0058','O000161'),
('ZR06','2025-08-20','PR0029','O000162'),
('ZR02','2025-08-20','PR0032','O000163'),
('ZR10','2025-08-20','PR0034','O000164'),
('ZR07','2025-08-20','PR0054','O000165'),
('ZR04','2025-08-20','PR0040','O000166'),
('ZR11','2025-08-20','PR0021','O000167'),
('ZR02','2025-08-20','PR0017','O000168'),
('ZR10','2025-08-20','PR0038','O000169'),
('ZR04','2025-08-20','PR0006','O000170'),
('ZR11','2025-08-20','PR0013','O000171'),
('ZR07','2025-08-20','PR0018','O000172'),
('ZR08','2025-08-20','PR0010','O000173'),
('ZR02','2025-08-20','PR0026','O000174'),
('ZR02','2025-08-20','PR0025','O000175'),
('ZR04','2025-08-20','PR0006','O000176'),
('ZR07','2025-08-20','PR0050','O000177'),
('ZR04','2025-08-20','PR0041','O000178'),
('ZR09','2025-08-20','PR0046','O000179'),
('ZR08','2025-08-20','PR0004','O000180'),
('ZR07','2025-08-20','PR0014','O000181'),
('ZR11','2025-08-21','PR0053','O000182'),
('ZR01','2025-08-21','PR0051','O000183'),
('ZR03','2025-08-21','PR0003','O000184'),
('ZR04','2025-08-21','PR0036','O000185'),
('ZR05','2025-08-21','PR0035','O000186'),
('ZR02','2025-08-21','PR0033','O000187'),
('ZR03','2025-08-21','PR0010','O000188'),
('ZR08','2025-08-21','PR0011','O000189'),
('ZR01','2025-08-21','PR0032','O000190'),
('ZR11','2025-08-21','PR0025','O000191'),
('ZR08','2025-08-21','PR0018','O000192'),
('ZR04','2025-08-21','PR0005','O000193'),
('ZR08','2025-08-21','PR0051','O000194'),
('ZR01','2025-08-21','PR0012','O000195'),
('ZR02','2025-08-21','PR0027','O000196'),
('ZR03','2025-08-21','PR0057','O000197'),
('ZR09','2025-08-21','PR0005','O000198'),
('ZR06','2025-08-21','PR0052','O000199'),
('ZR10','2025-08-21','PR0039','O000200'),
('ZR06','2025-08-21','PR0033','O000201'),
('ZR04','2025-08-22','PR0048','O000202'),
('ZR05','2025-08-22','PR0042','O000203'),
('ZR02','2025-08-22','PR0029','O000204'),
('ZR02','2025-08-22','PR0031','O000205'),
('ZR05','2025-08-22','PR0040','O000206'),
('ZR06','2025-08-22','PR0063','O000207'),
('ZR02','2025-08-22','PR0022','O000208'),
('ZR03','2025-08-22','PR0029','O000209'),
('ZR01','2025-08-22','PR0027','O000210'),
('ZR06','2025-08-22','PR0023','O000211'),
('ZR07','2025-08-22','PR0030','O000212'),
('ZR11','2025-08-22','PR0033','O000213'),
('ZR10','2025-08-22','PR0045','O000214'),
('ZR03','2025-08-22','PR0063','O000215'),
('ZR08','2025-08-22','PR0007','O000216'),
('ZR04','2025-08-22','PR0044','O000217'),
('ZR12','2025-08-22','PR0060','O000218'),
('ZR01','2025-08-22','PR0009','O000219'),
('ZR07','2025-08-22','PR0032','O000220'),
('ZR08','2025-08-22','PR0033','O000221'),
('ZR02','2025-08-22','PR0055','O000222'),
('ZR12','2025-08-22','PR0055','O000223'),
('ZR05','2025-08-22','PR0040','O000224'),
('ZR05','2025-08-22','PR0042','O000225'),
('ZR02','2025-08-22','PR0051','O000226'),
('ZR12','2025-08-22','PR0062','O000227'),
('ZR10','2025-08-22','PR0044','O000228'),
('ZR11','2025-08-22','PR0062','O000229'),
('ZR08','2025-08-22','PR0055','O000230'),
('ZR05','2025-08-22','PR0006','O000231'),
('ZR08','2025-08-23','PR0055','O000232'),
('ZR01','2025-08-23','PR0004','O000233'),
('ZR08','2025-08-23','PR0015','O000234'),
('ZR10','2025-08-23','PR0042','O000235'),
('ZR08','2025-08-23','PR0007','O000236'),
('ZR04','2025-08-23','PR0041','O000237'),
('ZR11','2025-08-23','PR0029','O000238'),
('ZR10','2025-08-23','PR0037','O000239'),
('ZR08','2025-08-23','PR0061','O000240'),
('ZR09','2025-08-23','PR0047','O000241'),
('ZR03','2025-08-23','PR0057','O000242'),
('ZR08','2025-08-23','PR0030','O000243'),
('ZR02','2025-08-23','PR0011','O000244'),
('ZR04','2025-08-23','PR0008','O000245'),
('ZR04','2025-08-23','PR0044','O000246'),
('ZR10','2025-08-23','PR0043','O000247'),
('ZR11','2025-08-23','PR0020','O000248'),
('ZR04','2025-08-23','PR0048','O000249'),
('ZR03','2025-08-23','PR0058','O000250'),
('ZR02','2025-08-23','PR0028','O000251'),
('ZR08','2025-08-23','PR0059','O000252'),
('ZR02','2025-08-23','PR0027','O000253'),
('ZR05','2025-08-23','PR0044','O000254'),
('ZR03','2025-08-23','PR0018','O000255'),
('ZR02','2025-08-23','PR0059','O000256'),
('ZR12','2025-08-23','PR0007','O000257'),
('ZR09','2025-08-23','PR0006','O000258'),
('ZR12','2025-08-23','PR0018','O000259'),
('ZR06','2025-08-23','PR0050','O000260'),
('ZR05','2025-08-23','PR0048','O000261'),
('ZR02','2025-08-23','PR0007','O000262'),
('ZR08','2025-08-24','PR0056','O000263'),
('ZR09','2025-08-24','PR0039','O000264'),
('ZR03','2025-08-24','PR0021','O000265'),
('ZR12','2025-08-24','PR0026','O000266'),
('ZR02','2025-08-24','PR0027','O000267'),
('ZR07','2025-08-24','PR0029','O000268'),
('ZR03','2025-08-24','PR0013','O000269'),
('ZR08','2025-08-24','PR0055','O000270'),
('ZR01','2025-08-24','PR0051','O000271'),
('ZR12','2025-08-24','PR0050','O000272'),
('ZR01','2025-08-24','PR0015','O000273'),
('ZR12','2025-08-24','PR0058','O000274'),
('ZR02','2025-08-24','PR0018','O000275'),
('ZR11','2025-08-24','PR0013','O000276'),
('ZR09','2025-08-24','PR0008','O000277'),
('ZR03','2025-08-24','PR0011','O000278'),
('ZR12','2025-08-24','PR0017','O000279'),
('ZR02','2025-08-24','PR0001','O000280'),
('ZR10','2025-08-24','PR0042','O000281'),
('ZR09','2025-08-24','PR0034','O000282'),
('ZR07','2025-08-24','PR0026','O000283'),
('ZR06','2025-08-24','PR0032','O000284'),
('ZR11','2025-08-24','PR0010','O000285'),
('ZR06','2025-08-24','PR0013','O000286'),
('ZR05','2025-08-24','PR0044','O000287'),
('ZR04','2025-08-24','PR0034','O000288'),
('ZR06','2025-08-24','PR0063','O000289'),
('ZR01','2025-08-24','PR0060','O000290'),
('ZR09','2025-08-24','PR0042','O000291'),
('ZR03','2025-08-24','PR0024','O000292'),
('ZR05','2025-08-24','PR0034','O000293'),
('ZR05','2025-08-24','PR0039','O000294'),
('ZR09','2025-08-24','PR0044','O000295'),
('ZR09','2025-08-25','PR0048','O000296'),
('ZR04','2025-08-25','PR0039','O000297'),
('ZR10','2025-08-25','PR0048','O000298'),
('ZR01','2025-08-25','PR0011','O000299'),
('ZR11','2025-08-25','PR0009','O000300'),
('ZR07','2025-08-25','PR0052','O000301'),
('ZR10','2025-08-25','PR0041','O000302'),
('ZR04','2025-08-25','PR0047','O000303'),
('ZR07','2025-08-25','PR0004','O000304'),
('ZR06','2025-08-25','PR0057','O000305'),
('ZR12','2025-08-25','PR0012','O000306'),
('ZR10','2025-08-25','PR0034','O000307'),
('ZR03','2025-08-25','PR0057','O000308'),
('ZR05','2025-08-25','PR0035','O000309'),
('ZR01','2025-08-25','PR0010','O000310'),
('ZR02','2025-08-25','PR0025','O000311'),
('ZR01','2025-08-25','PR0055','O000312'),
('ZR03','2025-08-25','PR0009','O000313'),
('ZR05','2025-08-25','PR0042','O000314'),
('ZR07','2025-08-25','PR0056','O000315'),
('ZR07','2025-08-25','PR0033','O000316'),
('ZR09','2025-08-25','PR0047','O000317'),
('ZR02','2025-08-25','PR0029','O000318'),
('ZR11','2025-08-25','PR0016','O000319'),
('ZR03','2025-08-25','PR0055','O000320'),
('ZR11','2025-08-25','PR0052','O000321'),
('ZR02','2025-08-25','PR0019','O000322'),
('ZR09','2025-08-25','PR0040','O000323'),
('ZR08','2025-08-25','PR0062','O000324'),
('ZR04','2025-08-25','PR0037','O000325'),
('ZR05','2025-08-26','PR0041','O000326'),
('ZR07','2025-08-26','PR0013','O000327'),
('ZR05','2025-08-26','PR0034','O000328'),
('ZR09','2025-08-26','PR0043','O000329'),
('ZR07','2025-08-26','PR0054','O000330'),
('ZR01','2025-08-26','PR0015','O000331'),
('ZR09','2025-08-26','PR0040','O000332'),
('ZR01','2025-08-26','PR0021','O000333'),
('ZR01','2025-08-26','PR0018','O000334'),
('ZR09','2025-08-26','PR0038','O000335'),
('ZR06','2025-08-26','PR0018','O000336'),
('ZR02','2025-08-26','PR0061','O000337'),
('ZR12','2025-08-26','PR0052','O000338'),
('ZR03','2025-08-26','PR0031','O000339'),
('ZR04','2025-08-26','PR0046','O000340'),
('ZR02','2025-08-26','PR0027','O000341'),
('ZR12','2025-08-26','PR0016','O000342'),
('ZR06','2025-08-26','PR0059','O000343'),
('ZR07','2025-08-26','PR0028','O000344'),
('ZR05','2025-08-26','PR0044','O000345'),
('ZR01','2025-08-26','PR0013','O000346'),
('ZR04','2025-08-26','PR0048','O000347'),
('ZR04','2025-08-26','PR0008','O000348'),
('ZR02','2025-08-26','PR0019','O000349'),
('ZR05','2025-08-26','PR0046','O000350'),
('ZR08','2025-08-26','PR0017','O000351'),
('ZR12','2025-08-27','PR0054','O000352'),
('ZR07','2025-08-27','PR0007','O000353'),
('ZR03','2025-08-27','PR0049','O000354'),
('ZR04','2025-08-27','PR0005','O000355'),
('ZR09','2025-08-27','PR0038','O000356'),
('ZR07','2025-08-27','PR0003','O000357'),
('ZR03','2025-08-27','PR0020','O000358'),
('ZR08','2025-08-27','PR0061','O000359'),
('ZR05','2025-08-27','PR0037','O000360'),
('ZR03','2025-08-27','PR0012','O000361'),
('ZR02','2025-08-27','PR0050','O000362'),
('ZR01','2025-08-27','PR0019','O000363'),
('ZR08','2025-08-27','PR0003','O000364'),
('ZR09','2025-08-27','PR0037','O000365'),
('ZR06','2025-08-27','PR0051','O000366'),
('ZR12','2025-08-27','PR0026','O000367'),
('ZR12','2025-08-27','PR0031','O000368'),
('ZR12','2025-08-27','PR0052','O000369'),
('ZR01','2025-08-27','PR0055','O000370'),
('ZR04','2025-08-27','PR0005','O000371'),
('ZR06','2025-08-27','PR0020','O000372'),
('ZR05','2025-08-27','PR0041','O000373'),
('ZR12','2025-08-27','PR0058','O000374'),
('ZR12','2025-08-27','PR0031','O000375'),
('ZR12','2025-08-27','PR0056','O000376'),
('ZR11','2025-08-27','PR0062','O000377'),
('ZR11','2025-08-27','PR0029','O000378'),
('ZR03','2025-08-27','PR0021','O000379'),
('ZR01','2025-08-27','PR0033','O000380'),
('ZR12','2025-08-27','PR0061','O000381'),
('ZR03','2025-08-27','PR0050','O000382'),
('ZR05','2025-08-27','PR0045','O000383'),
('ZR02','2025-08-28','PR0017','O000384'),
('ZR11','2025-08-28','PR0052','O000385'),
('ZR10','2025-08-28','PR0040','O000386'),
('ZR08','2025-08-28','PR0033','O000387'),
('ZR05','2025-08-28','PR0044','O000388'),
('ZR10','2025-08-28','PR0041','O000389'),
('ZR06','2025-08-28','PR0032','O000390'),
('ZR05','2025-08-28','PR0037','O000391'),
('ZR11','2025-08-28','PR0050','O000392'),
('ZR02','2025-08-28','PR0028','O000393'),
('ZR07','2025-08-28','PR0025','O000394'),
('ZR07','2025-08-28','PR0022','O000395'),
('ZR03','2025-08-28','PR0029','O000396'),
('ZR12','2025-08-28','PR0024','O000397'),
('ZR01','2025-08-28','PR0056','O000398'),
('ZR03','2025-08-28','PR0033','O000399'),
('ZR03','2025-08-28','PR0014','O000400'),
('ZR09','2025-08-28','PR0002','O000401'),
('ZR12','2025-08-28','PR0049','O000402'),
('ZR10','2025-08-28','PR0034','O000403'),
('ZR03','2025-08-28','PR0001','O000404'),
('ZR02','2025-08-28','PR0022','O000405'),
('ZR03','2025-08-28','PR0014','O000406'),
('ZR08','2025-08-28','PR0052','O000407'),
('ZR03','2025-08-29','PR0007','O000408'),
('ZR07','2025-08-29','PR0001','O000409'),
('ZR01','2025-08-29','PR0021','O000410'),
('ZR12','2025-08-29','PR0051','O000411'),
('ZR06','2025-08-29','PR0028','O000412'),
('ZR01','2025-08-29','PR0013','O000413'),
('ZR09','2025-08-29','PR0047','O000414'),
('ZR01','2025-08-29','PR0062','O000415'),
('ZR05','2025-08-29','PR0008','O000416'),
('ZR12','2025-08-29','PR0003','O000417'),
('ZR02','2025-08-29','PR0052','O000418'),
('ZR10','2025-08-29','PR0006','O000419'),
('ZR07','2025-08-29','PR0013','O000420'),
('ZR11','2025-08-29','PR0011','O000421'),
('ZR06','2025-08-29','PR0049','O000422'),
('ZR11','2025-08-29','PR0007','O000423'),
('ZR09','2025-08-29','PR0042','O000424'),
('ZR10','2025-08-29','PR0042','O000425'),
('ZR09','2025-08-29','PR0046','O000426'),
('ZR02','2025-08-29','PR0055','O000427'),
('ZR10','2025-08-29','PR0041','O000428'),
('ZR01','2025-08-29','PR0023','O000429'),
('ZR02','2025-08-29','PR0057','O000430'),
('ZR07','2025-08-29','PR0016','O000431'),
('ZR09','2025-08-30','PR0040','O000432'),
('ZR08','2025-08-30','PR0061','O000433'),
('ZR01','2025-08-30','PR0057','O000434'),
('ZR02','2025-08-30','PR0054','O000435'),
('ZR10','2025-08-30','PR0038','O000436'),
('ZR01','2025-08-30','PR0004','O000437'),
('ZR10','2025-08-30','PR0039','O000438'),
('ZR08','2025-08-30','PR0007','O000439'),
('ZR05','2025-08-30','PR0046','O000440'),
('ZR08','2025-08-30','PR0019','O000441'),
('ZR06','2025-08-30','PR0060','O000442'),
('ZR03','2025-08-30','PR0053','O000443'),
('ZR02','2025-08-30','PR0060','O000444'),
('ZR07','2025-08-30','PR0015','O000445'),
('ZR12','2025-08-30','PR0017','O000446'),
('ZR07','2025-08-30','PR0052','O000447'),
('ZR04','2025-08-30','PR0036','O000448'),
('ZR08','2025-08-30','PR0021','O000449'),
('ZR01','2025-08-30','PR0024','O000450'),
('ZR04','2025-08-30','PR0038','O000451'),
('ZR01','2025-08-30','PR0016','O000452'),
('ZR03','2025-08-30','PR0003','O000453'),
('ZR06','2025-08-30','PR0028','O000454'),
('ZR08','2025-08-30','PR0055','O000455'),
('ZR11','2025-08-30','PR0003','O000456'),
('ZR03','2025-08-30','PR0007','O000457'),
('ZR05','2025-08-30','PR0038','O000458'),
('ZR06','2025-08-30','PR0011','O000459'),
('ZR01','2025-08-30','PR0060','O000460'),
('ZR08','2025-08-30','PR0029','O000461'),
('ZR10','2025-08-30','PR0044','O000462'),
('ZR05','2025-08-31','PR0045','O000463'),
('ZR03','2025-08-31','PR0014','O000464'),
('ZR09','2025-08-31','PR0037','O000465'),
('ZR11','2025-08-31','PR0060','O000466'),
('ZR08','2025-08-31','PR0027','O000467'),
('ZR08','2025-08-31','PR0058','O000468'),
('ZR07','2025-08-31','PR0020','O000469'),
('ZR03','2025-08-31','PR0051','O000470'),
('ZR05','2025-08-31','PR0035','O000471'),
('ZR06','2025-08-31','PR0023','O000472'),
('ZR07','2025-08-31','PR0018','O000473'),
('ZR06','2025-08-31','PR0061','O000474'),
('ZR03','2025-08-31','PR0011','O000475'),
('ZR11','2025-08-31','PR0023','O000476'),
('ZR09','2025-08-31','PR0040','O000477'),
('ZR03','2025-08-31','PR0030','O000478'),
('ZR06','2025-08-31','PR0062','O000479'),
('ZR11','2025-08-31','PR0062','O000480'),
('ZR10','2025-08-31','PR0039','O000481'),
('ZR03','2025-08-31','PR0018','O000482'),
('ZR12','2025-08-31','PR0055','O000483'),
('ZR09','2025-08-31','PR0038','O000484'),
('ZR02','2025-08-31','PR0026','O000485'),
('ZR03','2025-08-31','PR0062','O000486'),
('ZR03','2025-08-31','PR0007','O000487'),
('ZR03','2025-08-31','PR0013','O000488'),
('ZR11','2025-08-31','PR0015','O000489'),
('ZR01','2025-08-31','PR0056','O000490'),
('ZR12','2025-08-31','PR0012','O000491'),
('ZR01','2025-08-31','PR0017','O000492'),
('ZR10','2025-08-31','PR0047','O000493'),
('ZR11','2025-08-31','PR0057','O000494'),
('ZR04','2025-08-31','PR0034','O000495'),
('ZR04','2025-08-31','PR0008','O000496'),
('ZR01','2025-08-01','PR0011','O000497'),
('ZR09','2025-08-01','PR0036','O000498'),
('ZR07','2025-08-01','PR0058','O000499'),
('ZR04','2025-08-01','PR0006','O000500'),
('ZR07','2025-08-01','PR0020','O000501'),
('ZR08','2025-08-01','PR0020','O000502'),
('ZR12','2025-08-01','PR0013','O000503'),
('ZR06','2025-08-01','PR0024','O000504'),
('ZR11','2025-08-01','PR0026','O000505'),
('ZR05','2025-08-01','PR0047','O000506'),
('ZR05','2025-08-01','PR0036','O000507'),
('ZR04','2025-08-01','PR0034','O000508'),
('ZR02','2025-08-01','PR0022','O000509'),
('ZR06','2025-08-01','PR0059','O000510'),
('ZR04','2025-08-01','PR0006','O000511'),
('ZR03','2025-08-01','PR0053','O000512'),
('ZR09','2025-08-01','PR0039','O000513'),
('ZR08','2025-08-01','PR0063','O000514'),
('ZR05','2025-08-01','PR0036','O000515'),
('ZR09','2025-08-01','PR0048','O000516'),
('ZR08','2025-08-01','PR0032','O000517'),
('ZR10','2025-08-01','PR0035','O000518'),
('ZR08','2025-08-01','PR0015','O000519'),
('ZR09','2025-08-01','PR0044','O000520'),
('ZR12','2025-08-01','PR0033','O000521'),
('ZR03','2025-08-01','PR0030','O000522'),
('ZR12','2025-08-01','PR0017','O000523'),
('ZR10','2025-08-01','PR0048','O000524'),
('ZR01','2025-08-01','PR0058','O000525'),
('ZR03','2025-08-01','PR0029','O000526'),
('ZR05','2025-08-02','PR0006','O000527'),
('ZR02','2025-08-02','PR0051','O000528'),
('ZR12','2025-08-02','PR0055','O000529'),
('ZR01','2025-08-02','PR0011','O000530'),
('ZR10','2025-08-02','PR0005','O000531'),
('ZR09','2025-08-02','PR0006','O000532'),
('ZR05','2025-08-02','PR0041','O000533'),
('ZR06','2025-08-02','PR0013','O000534'),
('ZR02','2025-08-02','PR0060','O000535'),
('ZR06','2025-08-02','PR0009','O000536'),
('ZR03','2025-08-02','PR0025','O000537'),
('ZR12','2025-08-02','PR0057','O000538'),
('ZR12','2025-08-02','PR0059','O000539'),
('ZR04','2025-08-02','PR0044','O000540'),
('ZR11','2025-08-02','PR0026','O000541'),
('ZR04','2025-08-02','PR0040','O000542'),
('ZR04','2025-08-02','PR0038','O000543'),
('ZR06','2025-08-02','PR0024','O000544'),
('ZR10','2025-08-02','PR0039','O000545'),
('ZR03','2025-08-02','PR0001','O000546'),
('ZR07','2025-08-03','PR0055','O000547'),
('ZR02','2025-08-03','PR0033','O000548'),
('ZR06','2025-08-03','PR0061','O000549'),
('ZR12','2025-08-03','PR0028','O000550'),
('ZR01','2025-08-03','PR0003','O000551'),
('ZR07','2025-08-03','PR0016','O000552'),
('ZR02','2025-08-03','PR0059','O000553'),
('ZR06','2025-08-03','PR0061','O000554'),
('ZR06','2025-08-03','PR0010','O000555'),
('ZR03','2025-08-03','PR0026','O000556'),
('ZR04','2025-08-03','PR0039','O000557'),
('ZR09','2025-08-03','PR0039','O000558'),
('ZR07','2025-08-03','PR0021','O000559'),
('ZR02','2025-08-03','PR0061','O000560'),
('ZR04','2025-08-03','PR0006','O000561'),
('ZR06','2025-08-03','PR0003','O000562'),
('ZR04','2025-08-03','PR0034','O000563'),
('ZR11','2025-08-03','PR0013','O000564'),
('ZR03','2025-08-03','PR0052','O000565'),
('ZR12','2025-08-03','PR0018','O000566'),
('ZR02','2025-08-03','PR0058','O000567'),
('ZR08','2025-08-03','PR0054','O000568'),
('ZR01','2025-08-03','PR0019','O000569'),
('ZR10','2025-08-03','PR0046','O000570'),
('ZR02','2025-08-04','PR0009','O000571'),
('ZR06','2025-08-04','PR0029','O000572'),
('ZR09','2025-08-04','PR0038','O000573'),
('ZR12','2025-08-04','PR0014','O000574'),
('ZR07','2025-08-04','PR0024','O000575'),
('ZR05','2025-08-04','PR0034','O000576'),
('ZR10','2025-08-04','PR0037','O000577'),
('ZR07','2025-08-04','PR0016','O000578'),
('ZR11','2025-08-04','PR0031','O000579'),
('ZR03','2025-08-04','PR0016','O000580'),
('ZR10','2025-08-04','PR0047','O000581'),
('ZR01','2025-08-04','PR0024','O000582'),
('ZR08','2025-08-04','PR0017','O000583'),
('ZR04','2025-08-04','PR0039','O000584'),
('ZR04','2025-08-04','PR0006','O000585'),
('ZR10','2025-08-04','PR0046','O000586'),
('ZR03','2025-08-04','PR0015','O000587'),
('ZR01','2025-08-04','PR0020','O000588'),
('ZR08','2025-08-04','PR0050','O000589'),
('ZR09','2025-08-04','PR0043','O000590'),
('ZR05','2025-08-04','PR0047','O000591'),
('ZR06','2025-08-04','PR0049','O000592'),
('ZR10','2025-08-04','PR0008','O000593'),
('ZR01','2025-08-04','PR0032','O000594'),
('ZR04','2025-08-04','PR0040','O000595'),
('ZR12','2025-08-04','PR0019','O000596'),
('ZR02','2025-08-04','PR0027','O000597'),
('ZR02','2025-08-04','PR0024','O000598'),
('ZR02','2025-08-04','PR0051','O000599'),
('ZR03','2025-08-04','PR0054','O000600'),
('ZR10','2025-08-04','PR0040','O000601'),
('ZR07','2025-08-04','PR0050','O000602'),
('ZR06','2025-08-04','PR0033','O000603'),
('ZR02','2025-08-04','PR0022','O000604'),
('ZR07','2025-08-04','PR0003','O000605'),
('ZR05','2025-08-05','PR0046','O000606'),
('ZR07','2025-08-05','PR0059','O000607'),
('ZR12','2025-08-05','PR0054','O000608'),
('ZR03','2025-08-05','PR0017','O000609'),
('ZR02','2025-08-05','PR0004','O000610'),
('ZR12','2025-08-05','PR0053','O000611'),
('ZR10','2025-08-05','PR0044','O000612'),
('ZR02','2025-08-05','PR0056','O000613'),
('ZR03','2025-08-05','PR0010','O000614'),
('ZR05','2025-08-05','PR0048','O000615'),
('ZR04','2025-08-05','PR0002','O000616'),
('ZR12','2025-08-05','PR0010','O000617'),
('ZR04','2025-08-05','PR0043','O000618'),
('ZR09','2025-08-05','PR0048','O000619'),
('ZR01','2025-08-05','PR0020','O000620'),
('ZR07','2025-08-05','PR0053','O000621'),
('ZR04','2025-08-05','PR0047','O000622'),
('ZR08','2025-08-05','PR0057','O000623'),
('ZR04','2025-08-05','PR0040','O000624'),
('ZR08','2025-08-05','PR0010','O000625'),
('ZR04','2025-08-05','PR0045','O000626'),
('ZR09','2025-08-05','PR0040','O000627'),
('ZR01','2025-08-05','PR0030','O000628'),
('ZR09','2025-08-05','PR0006','O000629'),
('ZR07','2025-08-05','PR0026','O000630'),
('ZR01','2025-08-05','PR0009','O000631'),
('ZR02','2025-08-05','PR0029','O000632'),
('ZR02','2025-08-06','PR0023','O000633'),
('ZR12','2025-08-06','PR0030','O000634'),
('ZR06','2025-08-06','PR0015','O000635'),
('ZR09','2025-08-06','PR0008','O000636'),
('ZR06','2025-08-06','PR0063','O000637'),
('ZR07','2025-08-06','PR0014','O000638'),
('ZR07','2025-08-06','PR0021','O000639'),
('ZR06','2025-08-06','PR0052','O000640'),
('ZR02','2025-08-06','PR0032','O000641'),
('ZR02','2025-08-06','PR0029','O000642'),
('ZR05','2025-08-06','PR0046','O000643'),
('ZR09','2025-08-06','PR0043','O000644'),
('ZR07','2025-08-06','PR0015','O000645'),
('ZR10','2025-08-06','PR0034','O000646'),
('ZR08','2025-08-06','PR0031','O000647'),
('ZR07','2025-08-06','PR0049','O000648'),
('ZR02','2025-08-06','PR0017','O000649'),
('ZR11','2025-08-06','PR0051','O000650'),
('ZR08','2025-08-06','PR0029','O000651'),
('ZR07','2025-08-06','PR0058','O000652'),
('ZR11','2025-08-07','PR0049','O000653'),
('ZR05','2025-08-07','PR0043','O000654'),
('ZR08','2025-08-07','PR0060','O000655'),
('ZR10','2025-08-07','PR0046','O000656'),
('ZR05','2025-08-07','PR0008','O000657'),
('ZR03','2025-08-07','PR0059','O000658'),
('ZR12','2025-08-07','PR0055','O000659'),
('ZR06','2025-08-07','PR0057','O000660'),
('ZR06','2025-08-07','PR0030','O000661'),
('ZR07','2025-08-07','PR0001','O000662'),
('ZR08','2025-08-07','PR0032','O000663'),
('ZR09','2025-08-07','PR0008','O000664'),
('ZR03','2025-08-07','PR0060','O000665'),
('ZR08','2025-08-07','PR0050','O000666'),
('ZR03','2025-08-07','PR0056','O000667'),
('ZR01','2025-08-07','PR0023','O000668'),
('ZR01','2025-08-07','PR0057','O000669'),
('ZR02','2025-08-07','PR0058','O000670'),
('ZR06','2025-08-07','PR0004','O000671'),
('ZR07','2025-08-07','PR0033','O000672'),
('ZR08','2025-08-07','PR0033','O000673'),
('ZR10','2025-08-07','PR0002','O000674'),
('ZR04','2025-08-07','PR0043','O000675'),
('ZR09','2025-08-07','PR0046','O000676'),
('ZR10','2025-08-07','PR0045','O000677'),
('ZR04','2025-08-07','PR0045','O000678'),
('ZR04','2025-08-07','PR0037','O000679'),
('ZR01','2025-08-07','PR0028','O000680'),
('ZR05','2025-08-07','PR0008','O000681'),
('ZR08','2025-08-07','PR0004','O000682'),
('ZR01','2025-08-08','PR0010','O000683'),
('ZR03','2025-08-08','PR0062','O000684'),
('ZR07','2025-08-08','PR0004','O000685'),
('ZR04','2025-08-08','PR0048','O000686'),
('ZR08','2025-08-08','PR0001','O000687'),
('ZR07','2025-08-08','PR0024','O000688'),
('ZR08','2025-08-08','PR0023','O000689'),
('ZR01','2025-08-08','PR0016','O000690'),
('ZR08','2025-08-08','PR0012','O000691'),
('ZR12','2025-08-08','PR0055','O000692'),
('ZR08','2025-08-08','PR0049','O000693'),
('ZR07','2025-08-08','PR0017','O000694'),
('ZR10','2025-08-08','PR0036','O000695'),
('ZR01','2025-08-08','PR0018','O000696'),
('ZR06','2025-08-08','PR0024','O000697'),
('ZR11','2025-08-08','PR0011','O000698'),
('ZR02','2025-08-08','PR0025','O000699'),
('ZR12','2025-08-08','PR0026','O000700'),
('ZR04','2025-08-08','PR0042','O000701'),
('ZR08','2025-08-08','PR0030','O000702'),
('ZR12','2025-08-08','PR0009','O000703'),
('ZR01','2025-08-08','PR0050','O000704'),
('ZR08','2025-08-08','PR0033','O000705'),
('ZR06','2025-08-08','PR0053','O000706'),
('ZR11','2025-08-08','PR0016','O000707'),
('ZR04','2025-08-08','PR0036','O000708'),
('ZR01','2025-08-08','PR0010','O000709'),
('ZR11','2025-08-08','PR0015','O000710'),
('ZR11','2025-08-08','PR0050','O000711'),
('ZR06','2025-08-08','PR0001','O000712'),
('ZR01','2025-08-09','PR0055','O000713'),
('ZR01','2025-08-09','PR0004','O000714'),
('ZR07','2025-08-09','PR0059','O000715'),
('ZR06','2025-08-09','PR0058','O000716'),
('ZR05','2025-08-09','PR0035','O000717'),
('ZR10','2025-08-09','PR0045','O000718'),
('ZR05','2025-08-09','PR0041','O000719'),
('ZR11','2025-08-09','PR0033','O000720'),
('ZR01','2025-08-09','PR0049','O000721'),
('ZR02','2025-08-09','PR0023','O000722'),
('ZR06','2025-08-09','PR0056','O000723'),
('ZR10','2025-08-09','PR0039','O000724'),
('ZR12','2025-08-09','PR0031','O000725'),
('ZR05','2025-08-09','PR0002','O000726'),
('ZR06','2025-08-09','PR0009','O000727'),
('ZR07','2025-08-09','PR0029','O000728'),
('ZR07','2025-08-09','PR0032','O000729'),
('ZR07','2025-08-09','PR0061','O000730'),
('ZR04','2025-08-09','PR0040','O000731'),
('ZR07','2025-08-09','PR0049','O000732'),
('ZR08','2025-08-09','PR0007','O000733'),
('ZR07','2025-08-09','PR0014','O000734'),
('ZR06','2025-08-09','PR0025','O000735'),
('ZR08','2025-08-09','PR0060','O000736'),
('ZR09','2025-08-09','PR0002','O000737'),
('ZR02','2025-08-09','PR0061','O000738'),
('ZR12','2025-08-09','PR0017','O000739'),
('ZR07','2025-08-09','PR0060','O000740'),
('ZR08','2025-08-09','PR0058','O000741'),
('ZR12','2025-08-09','PR0013','O000742'),
('ZR07','2025-08-09','PR0004','O000743'),
('ZR08','2025-08-10','PR0063','O000744'),
('ZR02','2025-08-10','PR0049','O000745'),
('ZR06','2025-08-10','PR0024','O000746'),
('ZR07','2025-08-10','PR0014','O000747'),
('ZR10','2025-08-10','PR0044','O000748'),
('ZR07','2025-08-10','PR0024','O000749'),
('ZR06','2025-08-10','PR0020','O000750'),
('ZR12','2025-08-10','PR0061','O000751'),
('ZR02','2025-08-10','PR0051','O000752'),
('ZR03','2025-08-10','PR0054','O000753'),
('ZR10','2025-08-10','PR0048','O000754'),
('ZR05','2025-08-10','PR0034','O000755'),
('ZR09','2025-08-10','PR0036','O000756'),
('ZR09','2025-08-10','PR0041','O000757'),
('ZR02','2025-08-10','PR0062','O000758'),
('ZR12','2025-08-10','PR0026','O000759'),
('ZR06','2025-08-10','PR0026','O000760'),
('ZR11','2025-08-10','PR0017','O000761'),
('ZR06','2025-08-10','PR0020','O000762'),
('ZR11','2025-08-10','PR0003','O000763'),
('ZR05','2025-08-10','PR0002','O000764'),
('ZR06','2025-08-10','PR0025','O000765'),
('ZR06','2025-08-11','PR0011','O000766'),
('ZR08','2025-08-11','PR0004','O000767'),
('ZR04','2025-08-11','PR0040','O000768'),
('ZR06','2025-08-11','PR0051','O000769'),
('ZR09','2025-08-11','PR0034','O000770'),
('ZR09','2025-08-11','PR0005','O000771'),
('ZR08','2025-08-11','PR0032','O000772'),
('ZR02','2025-08-11','PR0049','O000773'),
('ZR01','2025-08-11','PR0003','O000774'),
('ZR03','2025-08-11','PR0010','O000775'),
('ZR07','2025-08-11','PR0011','O000776'),
('ZR09','2025-08-11','PR0047','O000777'),
('ZR08','2025-08-11','PR0057','O000778'),
('ZR04','2025-08-11','PR0041','O000779'),
('ZR02','2025-08-11','PR0026','O000780'),
('ZR10','2025-08-11','PR0036','O000781'),
('ZR04','2025-08-11','PR0034','O000782'),
('ZR10','2025-08-11','PR0042','O000783'),
('ZR04','2025-08-11','PR0002','O000784'),
('ZR12','2025-08-11','PR0061','O000785'),
('ZR09','2025-08-11','PR0005','O000786'),
('ZR08','2025-08-11','PR0007','O000787'),
('ZR08','2025-08-11','PR0011','O000788'),
('ZR06','2025-08-11','PR0003','O000789'),
('ZR12','2025-08-11','PR0003','O000790'),
('ZR02','2025-08-11','PR0060','O000791'),
('ZR02','2025-08-11','PR0053','O000792'),
('ZR06','2025-08-11','PR0020','O000793'),
('ZR04','2025-08-11','PR0041','O000794'),
('ZR09','2025-08-11','PR0047','O000795'),
('ZR05','2025-08-11','PR0043','O000796'),
('ZR01','2025-08-12','PR0053','O000797'),
('ZR08','2025-08-12','PR0059','O000798'),
('ZR07','2025-08-12','PR0031','O000799'),
('ZR09','2025-08-12','PR0037','O000800'),
('ZR06','2025-08-12','PR0027','O000801'),
('ZR08','2025-08-12','PR0030','O000802'),
('ZR02','2025-08-12','PR0056','O000803'),
('ZR08','2025-08-12','PR0010','O000804'),
('ZR06','2025-08-12','PR0030','O000805'),
('ZR06','2025-08-12','PR0060','O000806'),
('ZR06','2025-08-12','PR0056','O000807'),
('ZR03','2025-08-12','PR0015','O000808'),
('ZR10','2025-08-12','PR0036','O000809'),
('ZR09','2025-08-12','PR0039','O000810'),
('ZR01','2025-08-12','PR0009','O000811'),
('ZR01','2025-08-12','PR0032','O000812'),
('ZR07','2025-08-12','PR0026','O000813'),
('ZR04','2025-08-12','PR0047','O000814'),
('ZR02','2025-08-12','PR0020','O000815'),
('ZR11','2025-08-12','PR0022','O000816'),
('ZR03','2025-08-12','PR0022','O000817'),
('ZR01','2025-08-12','PR0049','O000818'),
('ZR11','2025-08-12','PR0061','O000819'),
('ZR04','2025-08-12','PR0039','O000820'),
('ZR02','2025-08-12','PR0058','O000821'),
('ZR04','2025-08-12','PR0048','O000822'),
('ZR08','2025-08-12','PR0029','O000823'),
('ZR03','2025-08-12','PR0024','O000824'),
('ZR07','2025-08-12','PR0009','O000825'),
('ZR04','2025-08-12','PR0035','O000826'),
('ZR12','2025-08-13','PR0024','O000827'),
('ZR03','2025-08-13','PR0029','O000828'),
('ZR06','2025-08-13','PR0033','O000829'),
('ZR03','2025-08-13','PR0050','O000830'),
('ZR01','2025-08-13','PR0031','O000831'),
('ZR07','2025-08-13','PR0061','O000832'),
('ZR07','2025-08-13','PR0059','O000833'),
('ZR04','2025-08-13','PR0039','O000834'),
('ZR12','2025-08-13','PR0026','O000835'),
('ZR11','2025-08-13','PR0020','O000836'),
('ZR10','2025-08-13','PR0040','O000837'),
('ZR03','2025-08-13','PR0001','O000838'),
('ZR11','2025-08-13','PR0011','O000839'),
('ZR07','2025-08-13','PR0050','O000840'),
('ZR08','2025-08-13','PR0059','O000841'),
('ZR02','2025-08-13','PR0027','O000842'),
('ZR09','2025-08-13','PR0044','O000843'),
('ZR01','2025-08-13','PR0022','O000844'),
('ZR09','2025-08-13','PR0047','O000845'),
('ZR06','2025-08-13','PR0016','O000846'),
('ZR06','2025-08-13','PR0014','O000847'),
('ZR03','2025-08-13','PR0018','O000848'),
('ZR12','2025-08-13','PR0016','O000849'),
('ZR11','2025-08-13','PR0061','O000850'),
('ZR01','2025-08-13','PR0023','O000851'),
('ZR05','2025-08-13','PR0038','O000852'),
('ZR11','2025-08-13','PR0026','O000853'),
('ZR08','2025-08-13','PR0054','O000854'),
('ZR06','2025-08-13','PR0058','O000855'),
('ZR04','2025-08-13','PR0042','O000856'),
('ZR05','2025-08-13','PR0037','O000857'),
('ZR03','2025-08-13','PR0058','O000858'),
('ZR02','2025-08-13','PR0010','O000859'),
('ZR07','2025-08-13','PR0060','O000860'),
('ZR03','2025-08-13','PR0051','O000861'),
('ZR10','2025-08-14','PR0044','O000862'),
('ZR03','2025-08-14','PR0057','O000863'),
('ZR10','2025-08-14','PR0045','O000864'),
('ZR12','2025-08-14','PR0054','O000865'),
('ZR03','2025-08-14','PR0053','O000866'),
('ZR11','2025-08-14','PR0055','O000867'),
('ZR06','2025-08-14','PR0001','O000868'),
('ZR10','2025-08-14','PR0040','O000869'),
('ZR06','2025-08-14','PR0053','O000870'),
('ZR01','2025-08-14','PR0009','O000871'),
('ZR07','2025-08-14','PR0024','O000872'),
('ZR06','2025-08-14','PR0062','O000873'),
('ZR09','2025-08-14','PR0041','O000874'),
('ZR05','2025-08-14','PR0039','O000875'),
('ZR12','2025-08-14','PR0029','O000876'),
('ZR01','2025-08-14','PR0018','O000877'),
('ZR06','2025-08-14','PR0051','O000878'),
('ZR12','2025-08-14','PR0062','O000879'),
('ZR04','2025-08-14','PR0047','O000880'),
('ZR03','2025-08-14','PR0062','O000881'),
('ZR04','2025-08-14','PR0034','O000882'),
('ZR08','2025-08-14','PR0028','O000883'),
('ZR11','2025-08-14','PR0022','O000884'),
('ZR04','2025-08-14','PR0043','O000885'),
('ZR06','2025-08-14','PR0024','O000886');

-- GIORNATA_LAVORATIVA
INSERT INTO GIORNATA_LAVORATIVA(codice_fiscale, data, giorno, orario_inizio, orario_fine)
VALUES
('RSSNMO98D44F122C','2025-08-15','venerdì','09:00','16:00'),
('FBBCHR91B49G337O','2025-08-15','venerdì','10:00','18:00'),
('RSOSLV96S46L424B','2025-08-15','venerdì','11:00','17:00'),
('FRRNNA94C63F205V','2025-08-16','sabato','09:00','16:00'),
('BLLSRA95D59D612I','2025-08-16','sabato','10:00','18:00'),
('BLLLRA92P67C351H','2025-08-16','sabato','11:00','17:00'),
('PLMDRD76D11H703S','2025-08-17','domenica','09:00','16:00'),
('RNLGLI94A48A794L','2025-08-17','domenica','10:00','18:00'),
('FRRRCR79A02G273S','2025-08-17','domenica','11:00','17:00'),
('NVLLCU89H12H501K','2025-08-18','lunedì','09:00','17:00'),
('FRRNNA94C63F205V','2025-08-18','lunedì','09:00','17:00'),
('GSTMRC88R10L219C','2025-08-18','lunedì','09:00','17:00'),
('BNCFNC79T68F839Q','2025-08-18','lunedì','09:00','17:00'),
('RSSSFN87E15A944X','2025-08-18','lunedì','09:00','17:00'),
('NRELSE93S42D612A','2025-08-18','lunedì','09:00','17:00'),
('BLLSRA95D59D612I','2025-08-18','lunedì','09:00','17:00'),
('MRLGRG75A05G273E','2025-08-18','lunedì','09:00','17:00'),
('SLAMTN99M52A271R','2025-08-18','lunedì','09:00','17:00'),
('CSTLRT84L17L085L','2025-08-18','lunedì','09:00','17:00'),
('FBBCHR91B49G337O','2025-08-18','lunedì','09:00','17:00'),
('CNTDGI88D21F257K','2025-08-18','lunedì','09:00','17:00'),
('SRTVNT96H43H501K','2025-08-18','lunedì','09:00','17:00'),
('MNCFRC86C30A944D','2025-08-18','lunedì','09:00','17:00'),
('GRCRNI89T54H501Q','2025-08-18','lunedì','09:00','17:00'),
('FRRRCR79A02G273S','2025-08-18','lunedì','09:00','17:00'),
('BLLLRA92P67C351H','2025-08-18','lunedì','09:00','17:00'),
('GLNMTT88S19L736E','2025-08-18','lunedì','09:00','17:00'),
('RNLGLI94A48A794L','2025-08-18','lunedì','09:00','17:00'),
('LTTNCL81E25L378M','2025-08-18','lunedì','09:00','17:00'),
('RSOSLV96S46L424B','2025-08-18','lunedì','09:00','17:00'),
('PLMDRD76D11H703S','2025-08-18','lunedì','09:00','17:00'),
('SLABRC93B60G337J','2025-08-18','lunedì','09:00','17:00'),
('MRNLNZ85L07D612M','2025-08-18','lunedì','09:00','17:00'),
('PCAVNC89R53G337O','2025-08-18','lunedì','09:00','17:00'),
('TSTNGL82A29L830W','2025-08-18','lunedì','09:00','17:00'),
('RSSNMO98D44F122C','2025-08-18','lunedì','09:00','17:00'),
('BRTVNI73M16C936H','2025-08-18','lunedì','09:00','17:00'),
('GRORCC87E62L736R','2025-08-18','lunedì','09:00','17:00'),
('ZNAGLI96P09F205N','2025-08-18','lunedì','09:00','17:00'),
('BLLLNE91C58A509T','2025-08-18','lunedì','09:00','17:00'),
('FRRMRT98T42B354J','2025-08-18','lunedì','09:00','17:00'),
('MROPTR76H24C567N','2025-08-18','lunedì','09:00','17:00'),
('LDOGVR89B54C794O','2025-08-18','lunedì','09:00','17:00'),
('CRRDRA70R30B452A','2025-08-18','lunedì','09:00','17:00'),
('RVIBNC00S51G273Y','2025-08-18','lunedì','09:00','17:00'),
('NREVEA78E45G227P','2025-08-18','lunedì','09:00','17:00'),
('NVLLCU89H12H501K','2025-08-19','martedì','09:00','17:00'),
('FRRNNA94C63F205V','2025-08-19','martedì','09:00','17:00'),
('GSTMRC88R10L219C','2025-08-19','martedì','09:00','17:00'),
('BNCFNC79T68F839Q','2025-08-19','martedì','09:00','17:00'),
('RSSSFN87E15A944X','2025-08-19','martedì','09:00','17:00'),
('NRELSE93S42D612A','2025-08-19','martedì','09:00','17:00'),
('BLLSRA95D59D612I','2025-08-19','martedì','09:00','17:00'),
('MRLGRG75A05G273E','2025-08-19','martedì','09:00','17:00'),
('SLAMTN99M52A271R','2025-08-19','martedì','09:00','17:00'),
('CSTLRT84L17L085L','2025-08-19','martedì','09:00','17:00'),
('FBBCHR91B49G337O','2025-08-19','martedì','09:00','17:00'),
('CNTDGI88D21F257K','2025-08-19','martedì','09:00','17:00'),
('SRTVNT96H43H501K','2025-08-19','martedì','09:00','17:00'),
('MNCFRC86C30A944D','2025-08-19','martedì','09:00','17:00'),
('GRCRNI89T54H501Q','2025-08-19','martedì','09:00','17:00'),
('FRRRCR79A02G273S','2025-08-19','martedì','09:00','17:00'),
('BLLLRA92P67C351H','2025-08-19','martedì','09:00','17:00'),
('GLNMTT88S19L736E','2025-08-19','martedì','09:00','17:00'),
('RNLGLI94A48A794L','2025-08-19','martedì','09:00','17:00'),
('LTTNCL81E25L378M','2025-08-19','martedì','09:00','17:00'),
('RSOSLV96S46L424B','2025-08-19','martedì','09:00','17:00'),
('PLMDRD76D11H703S','2025-08-19','martedì','09:00','17:00'),
('SLABRC93B60G337J','2025-08-19','martedì','09:00','17:00'),
('MRNLNZ85L07D612M','2025-08-19','martedì','09:00','17:00'),
('PCAVNC89R53G337O','2025-08-19','martedì','09:00','17:00'),
('TSTNGL82A29L830W','2025-08-19','martedì','09:00','17:00'),
('RSSNMO98D44F122C','2025-08-19','martedì','09:00','17:00'),
('BRTVNI73M16C936H','2025-08-19','martedì','09:00','17:00'),
('GRORCC87E62L736R','2025-08-19','martedì','09:00','17:00'),
('ZNAGLI96P09F205N','2025-08-19','martedì','09:00','17:00'),
('BLLLNE91C58A509T','2025-08-19','martedì','09:00','17:00'),
('FRRMRT98T42B354J','2025-08-19','martedì','09:00','17:00'),
('MROPTR76H24C567N','2025-08-19','martedì','09:00','17:00'),
('LDOGVR89B54C794O','2025-08-19','martedì','09:00','17:00'),
('CRRDRA70R30B452A','2025-08-19','martedì','09:00','17:00'),
('RVIBNC00S51G273Y','2025-08-19','martedì','09:00','17:00'),
('NREVEA78E45G227P','2025-08-19','martedì','09:00','17:00'),
('NVLLCU89H12H501K','2025-08-20','mercoledì','10:00','18:00'),
('FRRNNA94C63F205V','2025-08-20','mercoledì','10:00','18:00'),
('GSTMRC88R10L219C','2025-08-20','mercoledì','10:00','18:00'),
('BNCFNC79T68F839Q','2025-08-20','mercoledì','10:00','18:00'),
('RSSSFN87E15A944X','2025-08-20','mercoledì','10:00','18:00'),
('NRELSE93S42D612A','2025-08-20','mercoledì','10:00','18:00'),
('BLLSRA95D59D612I','2025-08-20','mercoledì','10:00','18:00'),
('MRLGRG75A05G273E','2025-08-20','mercoledì','10:00','18:00'),
('SLAMTN99M52A271R','2025-08-20','mercoledì','10:00','18:00'),
('CSTLRT84L17L085L','2025-08-20','mercoledì','10:00','18:00'),
('FBBCHR91B49G337O','2025-08-20','mercoledì','10:00','18:00'),
('CNTDGI88D21F257K','2025-08-20','mercoledì','10:00','18:00'),
('SRTVNT96H43H501K','2025-08-20','mercoledì','10:00','18:00'),
('MNCFRC86C30A944D','2025-08-20','mercoledì','10:00','18:00'),
('GRCRNI89T54H501Q','2025-08-20','mercoledì','10:00','18:00'),
('FRRRCR79A02G273S','2025-08-20','mercoledì','10:00','18:00'),
('BLLLRA92P67C351H','2025-08-20','mercoledì','10:00','18:00'),
('GLNMTT88S19L736E','2025-08-20','mercoledì','10:00','18:00'),
('RNLGLI94A48A794L','2025-08-20','mercoledì','10:00','18:00'),
('LTTNCL81E25L378M','2025-08-20','mercoledì','10:00','18:00'),
('RSOSLV96S46L424B','2025-08-20','mercoledì','10:00','18:00'),
('PLMDRD76D11H703S','2025-08-20','mercoledì','10:00','18:00'),
('SLABRC93B60G337J','2025-08-20','mercoledì','10:00','18:00'),
('MRNLNZ85L07D612M','2025-08-20','mercoledì','10:00','18:00'),
('PCAVNC89R53G337O','2025-08-20','mercoledì','10:00','18:00'),
('TSTNGL82A29L830W','2025-08-20','mercoledì','10:00','18:00'),
('RSSNMO98D44F122C','2025-08-20','mercoledì','10:00','18:00'),
('BRTVNI73M16C936H','2025-08-20','mercoledì','10:00','18:00'),
('GRORCC87E62L736R','2025-08-20','mercoledì','10:00','18:00'),
('ZNAGLI96P09F205N','2025-08-20','mercoledì','10:00','18:00'),
('BLLLNE91C58A509T','2025-08-20','mercoledì','10:00','18:00'),
('FRRMRT98T42B354J','2025-08-20','mercoledì','10:00','18:00'),
('MROPTR76H24C567N','2025-08-20','mercoledì','10:00','18:00'),
('LDOGVR89B54C794O','2025-08-20','mercoledì','10:00','18:00'),
('CRRDRA70R30B452A','2025-08-20','mercoledì','10:00','18:00'),
('RVIBNC00S51G273Y','2025-08-20','mercoledì','10:00','18:00'),
('NREVEA78E45G227P','2025-08-20','mercoledì','10:00','18:00'),
('NVLLCU89H12H501K','2025-08-21','giovedì','09:00','13:00'),
('FRRNNA94C63F205V','2025-08-21','giovedì','09:00','13:00'),
('GSTMRC88R10L219C','2025-08-21','giovedì','09:00','13:00'),
('BNCFNC79T68F839Q','2025-08-21','giovedì','09:00','13:00'),
('RSSSFN87E15A944X','2025-08-21','giovedì','09:00','13:00'),
('NRELSE93S42D612A','2025-08-21','giovedì','09:00','13:00'),
('BLLSRA95D59D612I','2025-08-21','giovedì','09:00','13:00'),
('MRLGRG75A05G273E','2025-08-21','giovedì','09:00','13:00'),
('SLAMTN99M52A271R','2025-08-21','giovedì','09:00','13:00'),
('CSTLRT84L17L085L','2025-08-21','giovedì','09:00','13:00'),
('FBBCHR91B49G337O','2025-08-21','giovedì','09:00','13:00'),
('CNTDGI88D21F257K','2025-08-21','giovedì','09:00','13:00'),
('SRTVNT96H43H501K','2025-08-21','giovedì','09:00','13:00'),
('MNCFRC86C30A944D','2025-08-21','giovedì','09:00','13:00'),
('GRCRNI89T54H501Q','2025-08-21','giovedì','09:00','13:00'),
('FRRRCR79A02G273S','2025-08-21','giovedì','09:00','13:00'),
('BLLLRA92P67C351H','2025-08-21','giovedì','09:00','13:00'),
('GLNMTT88S19L736E','2025-08-21','giovedì','09:00','13:00'),
('RNLGLI94A48A794L','2025-08-21','giovedì','09:00','13:00'),
('LTTNCL81E25L378M','2025-08-21','giovedì','09:00','13:00'),
('RSOSLV96S46L424B','2025-08-21','giovedì','09:00','13:00'),
('PLMDRD76D11H703S','2025-08-21','giovedì','09:00','13:00'),
('SLABRC93B60G337J','2025-08-21','giovedì','09:00','13:00'),
('MRNLNZ85L07D612M','2025-08-21','giovedì','09:00','13:00'),
('PCAVNC89R53G337O','2025-08-21','giovedì','09:00','13:00'),
('TSTNGL82A29L830W','2025-08-21','giovedì','09:00','13:00'),
('RSSNMO98D44F122C','2025-08-21','giovedì','09:00','13:00'),
('BRTVNI73M16C936H','2025-08-21','giovedì','09:00','13:00'),
('GRORCC87E62L736R','2025-08-21','giovedì','09:00','13:00'),
('ZNAGLI96P09F205N','2025-08-21','giovedì','09:00','13:00'),
('BLLLNE91C58A509T','2025-08-21','giovedì','09:00','13:00'),
('FRRMRT98T42B354J','2025-08-21','giovedì','09:00','13:00'),
('MROPTR76H24C567N','2025-08-21','giovedì','09:00','13:00'),
('LDOGVR89B54C794O','2025-08-21','giovedì','09:00','13:00'),
('CRRDRA70R30B452A','2025-08-21','giovedì','09:00','13:00'),
('RVIBNC00S51G273Y','2025-08-21','giovedì','09:00','13:00'),
('NREVEA78E45G227P','2025-08-21','giovedì','09:00','13:00'),
('NVLLCU89H12H501K','2025-08-22','venerdì','13:00','18:00'),
('FRRNNA94C63F205V','2025-08-22','venerdì','13:00','18:00'),
('GSTMRC88R10L219C','2025-08-22','venerdì','13:00','18:00'),
('BNCFNC79T68F839Q','2025-08-22','venerdì','13:00','18:00'),
('RSSSFN87E15A944X','2025-08-22','venerdì','13:00','18:00'),
('NRELSE93S42D612A','2025-08-22','venerdì','13:00','18:00'),
('BLLSRA95D59D612I','2025-08-22','venerdì','13:00','18:00'),
('MRLGRG75A05G273E','2025-08-22','venerdì','13:00','18:00'),
('SLAMTN99M52A271R','2025-08-22','venerdì','13:00','18:00'),
('CSTLRT84L17L085L','2025-08-22','venerdì','13:00','18:00'),
('FBBCHR91B49G337O','2025-08-22','venerdì','13:00','18:00'),
('CNTDGI88D21F257K','2025-08-22','venerdì','13:00','18:00'),
('SRTVNT96H43H501K','2025-08-22','venerdì','13:00','18:00'),
('MNCFRC86C30A944D','2025-08-22','venerdì','13:00','18:00'),
('GRCRNI89T54H501Q','2025-08-22','venerdì','13:00','18:00'),
('FRRRCR79A02G273S','2025-08-22','venerdì','13:00','18:00'),
('BLLLRA92P67C351H','2025-08-22','venerdì','13:00','18:00'),
('GLNMTT88S19L736E','2025-08-22','venerdì','13:00','18:00'),
('RNLGLI94A48A794L','2025-08-22','venerdì','13:00','18:00'),
('LTTNCL81E25L378M','2025-08-22','venerdì','13:00','18:00'),
('RSOSLV96S46L424B','2025-08-22','venerdì','13:00','18:00'),
('PLMDRD76D11H703S','2025-08-22','venerdì','13:00','18:00'),
('SLABRC93B60G337J','2025-08-22','venerdì','13:00','18:00'),
('MRNLNZ85L07D612M','2025-08-22','venerdì','13:00','18:00'),
('PCAVNC89R53G337O','2025-08-22','venerdì','13:00','18:00'),
('TSTNGL82A29L830W','2025-08-22','venerdì','13:00','18:00'),
('RSSNMO98D44F122C','2025-08-22','venerdì','13:00','18:00'),
('BRTVNI73M16C936H','2025-08-22','venerdì','13:00','18:00'),
('GRORCC87E62L736R','2025-08-22','venerdì','13:00','18:00'),
('ZNAGLI96P09F205N','2025-08-22','venerdì','13:00','18:00'),
('BLLLNE91C58A509T','2025-08-22','venerdì','13:00','18:00'),
('FRRMRT98T42B354J','2025-08-22','venerdì','13:00','18:00'),
('MROPTR76H24C567N','2025-08-22','venerdì','13:00','18:00'),
('LDOGVR89B54C794O','2025-08-22','venerdì','13:00','18:00'),
('CRRDRA70R30B452A','2025-08-22','venerdì','13:00','18:00'),
('RVIBNC00S51G273Y','2025-08-22','venerdì','13:00','18:00'),
('NREVEA78E45G227P','2025-08-22','venerdì','13:00','18:00'),
('NVLLCU89H12H501K','2025-08-23','sabato','09:00','18:00'),
('FRRNNA94C63F205V','2025-08-23','sabato','09:00','18:00'),
('GSTMRC88R10L219C','2025-08-23','sabato','09:00','18:00'),
('BNCFNC79T68F839Q','2025-08-23','sabato','09:00','18:00'),
('RSSSFN87E15A944X','2025-08-23','sabato','09:00','18:00'),
('NRELSE93S42D612A','2025-08-23','sabato','09:00','18:00'),
('BLLSRA95D59D612I','2025-08-23','sabato','09:00','18:00'),
('MRLGRG75A05G273E','2025-08-23','sabato','09:00','18:00'),
('SLAMTN99M52A271R','2025-08-23','sabato','09:00','18:00'),
('CSTLRT84L17L085L','2025-08-23','sabato','09:00','18:00'),
('FBBCHR91B49G337O','2025-08-23','sabato','09:00','18:00'),
('CNTDGI88D21F257K','2025-08-23','sabato','09:00','18:00'),
('SRTVNT96H43H501K','2025-08-23','sabato','09:00','18:00'),
('MNCFRC86C30A944D','2025-08-23','sabato','09:00','18:00'),
('GRCRNI89T54H501Q','2025-08-23','sabato','09:00','18:00'),
('FRRRCR79A02G273S','2025-08-23','sabato','09:00','18:00'),
('BLLLRA92P67C351H','2025-08-23','sabato','09:00','18:00'),
('GLNMTT88S19L736E','2025-08-23','sabato','09:00','18:00'),
('RNLGLI94A48A794L','2025-08-23','sabato','09:00','18:00'),
('LTTNCL81E25L378M','2025-08-23','sabato','09:00','18:00'),
('RSOSLV96S46L424B','2025-08-23','sabato','09:00','18:00'),
('PLMDRD76D11H703S','2025-08-23','sabato','09:00','18:00'),
('SLABRC93B60G337J','2025-08-23','sabato','09:00','18:00'),
('MRNLNZ85L07D612M','2025-08-23','sabato','09:00','18:00'),
('PCAVNC89R53G337O','2025-08-23','sabato','09:00','18:00'),
('TSTNGL82A29L830W','2025-08-23','sabato','09:00','18:00'),
('RSSNMO98D44F122C','2025-08-23','sabato','09:00','18:00'),
('BRTVNI73M16C936H','2025-08-23','sabato','09:00','18:00'),
('GRORCC87E62L736R','2025-08-23','sabato','09:00','18:00'),
('ZNAGLI96P09F205N','2025-08-23','sabato','09:00','18:00'),
('BLLLNE91C58A509T','2025-08-23','sabato','09:00','18:00'),
('FRRMRT98T42B354J','2025-08-23','sabato','09:00','18:00'),
('MROPTR76H24C567N','2025-08-23','sabato','09:00','18:00'),
('LDOGVR89B54C794O','2025-08-23','sabato','09:00','18:00'),
('CRRDRA70R30B452A','2025-08-23','sabato','09:00','18:00'),
('RVIBNC00S51G273Y','2025-08-23','sabato','09:00','18:00'),
('NREVEA78E45G227P','2025-08-23','sabato','09:00','18:00'),
('NVLLCU89H12H501K','2025-08-24','domenica','10:00','16:00'),
('FRRNNA94C63F205V','2025-08-24','domenica','10:00','16:00'),
('GSTMRC88R10L219C','2025-08-24','domenica','10:00','16:00'),
('BNCFNC79T68F839Q','2025-08-24','domenica','10:00','16:00'),
('RSSSFN87E15A944X','2025-08-24','domenica','10:00','16:00'),
('NRELSE93S42D612A','2025-08-24','domenica','10:00','16:00'),
('BLLSRA95D59D612I','2025-08-24','domenica','10:00','16:00'),
('MRLGRG75A05G273E','2025-08-24','domenica','10:00','16:00'),
('SLAMTN99M52A271R','2025-08-24','domenica','10:00','16:00'),
('CSTLRT84L17L085L','2025-08-24','domenica','10:00','16:00'),
('FBBCHR91B49G337O','2025-08-24','domenica','10:00','16:00'),
('CNTDGI88D21F257K','2025-08-24','domenica','10:00','16:00'),
('SRTVNT96H43H501K','2025-08-24','domenica','10:00','16:00'),
('MNCFRC86C30A944D','2025-08-24','domenica','10:00','16:00'),
('GRCRNI89T54H501Q','2025-08-24','domenica','10:00','16:00'),
('FRRRCR79A02G273S','2025-08-24','domenica','10:00','16:00'),
('BLLLRA92P67C351H','2025-08-24','domenica','10:00','16:00'),
('GLNMTT88S19L736E','2025-08-24','domenica','10:00','16:00'),
('RNLGLI94A48A794L','2025-08-24','domenica','10:00','16:00'),
('LTTNCL81E25L378M','2025-08-24','domenica','10:00','16:00'),
('RSOSLV96S46L424B','2025-08-24','domenica','10:00','16:00'),
('PLMDRD76D11H703S','2025-08-24','domenica','10:00','16:00'),
('SLABRC93B60G337J','2025-08-24','domenica','10:00','16:00'),
('MRNLNZ85L07D612M','2025-08-24','domenica','10:00','16:00'),
('PCAVNC89R53G337O','2025-08-24','domenica','10:00','16:00'),
('TSTNGL82A29L830W','2025-08-24','domenica','10:00','16:00'),
('RSSNMO98D44F122C','2025-08-24','domenica','10:00','16:00'),
('BRTVNI73M16C936H','2025-08-24','domenica','10:00','16:00'),
('GRORCC87E62L736R','2025-08-24','domenica','10:00','16:00'),
('ZNAGLI96P09F205N','2025-08-24','domenica','10:00','16:00'),
('BLLLNE91C58A509T','2025-08-24','domenica','10:00','16:00'),
('FRRMRT98T42B354J','2025-08-24','domenica','10:00','16:00'),
('MROPTR76H24C567N','2025-08-24','domenica','10:00','16:00'),
('LDOGVR89B54C794O','2025-08-24','domenica','10:00','16:00'),
('CRRDRA70R30B452A','2025-08-24','domenica','10:00','16:00'),
('RVIBNC00S51G273Y','2025-08-24','domenica','10:00','16:00'),
('NREVEA78E45G227P','2025-08-24','domenica','10:00','16:00'),
('NVLLCU89H12H501K','2025-08-25','lunedì','09:30','17:30'),
('FRRNNA94C63F205V','2025-08-25','lunedì','09:30','17:30'),
('GSTMRC88R10L219C','2025-08-25','lunedì','09:30','17:30'),
('BNCFNC79T68F839Q','2025-08-25','lunedì','09:30','17:30'),
('RSSSFN87E15A944X','2025-08-25','lunedì','09:30','17:30'),
('NRELSE93S42D612A','2025-08-25','lunedì','09:30','17:30'),
('BLLSRA95D59D612I','2025-08-25','lunedì','09:30','17:30'),
('MRLGRG75A05G273E','2025-08-25','lunedì','09:30','17:30'),
('SLAMTN99M52A271R','2025-08-25','lunedì','09:30','17:30'),
('CSTLRT84L17L085L','2025-08-25','lunedì','09:30','17:30'),
('FBBCHR91B49G337O','2025-08-25','lunedì','09:30','17:30'),
('CNTDGI88D21F257K','2025-08-25','lunedì','09:30','17:30'),
('SRTVNT96H43H501K','2025-08-25','lunedì','09:30','17:30'),
('MNCFRC86C30A944D','2025-08-25','lunedì','09:30','17:30'),
('GRCRNI89T54H501Q','2025-08-25','lunedì','09:30','17:30'),
('FRRRCR79A02G273S','2025-08-25','lunedì','09:30','17:30'),
('BLLLRA92P67C351H','2025-08-25','lunedì','09:30','17:30'),
('GLNMTT88S19L736E','2025-08-25','lunedì','09:30','17:30'),
('RNLGLI94A48A794L','2025-08-25','lunedì','09:30','17:30'),
('LTTNCL81E25L378M','2025-08-25','lunedì','09:30','17:30'),
('RSOSLV96S46L424B','2025-08-25','lunedì','09:30','17:30'),
('PLMDRD76D11H703S','2025-08-25','lunedì','09:30','17:30'),
('SLABRC93B60G337J','2025-08-25','lunedì','09:30','17:30'),
('MRNLNZ85L07D612M','2025-08-25','lunedì','09:30','17:30'),
('PCAVNC89R53G337O','2025-08-25','lunedì','09:30','17:30'),
('TSTNGL82A29L830W','2025-08-25','lunedì','09:30','17:30'),
('RSSNMO98D44F122C','2025-08-25','lunedì','09:30','17:30'),
('BRTVNI73M16C936H','2025-08-25','lunedì','09:30','17:30'),
('GRORCC87E62L736R','2025-08-25','lunedì','09:30','17:30'),
('ZNAGLI96P09F205N','2025-08-25','lunedì','09:30','17:30'),
('BLLLNE91C58A509T','2025-08-25','lunedì','09:30','17:30'),
('FRRMRT98T42B354J','2025-08-25','lunedì','09:30','17:30'),
('MROPTR76H24C567N','2025-08-25','lunedì','09:30','17:30'),
('LDOGVR89B54C794O','2025-08-25','lunedì','09:30','17:30'),
('CRRDRA70R30B452A','2025-08-25','lunedì','09:30','17:30'),
('RVIBNC00S51G273Y','2025-08-25','lunedì','09:30','17:30'),
('NREVEA78E45G227P','2025-08-25','lunedì','09:30','17:30'),
('NVLLCU89H12H501K','2025-08-26','martedì','09:30','17:30'),
('FRRNNA94C63F205V','2025-08-26','martedì','09:30','17:30'),
('GSTMRC88R10L219C','2025-08-26','martedì','09:30','17:30'),
('BNCFNC79T68F839Q','2025-08-26','martedì','09:30','17:30'),
('RSSSFN87E15A944X','2025-08-26','martedì','09:30','17:30'),
('NRELSE93S42D612A','2025-08-26','martedì','09:30','17:30'),
('BLLSRA95D59D612I','2025-08-26','martedì','09:30','17:30'),
('MRLGRG75A05G273E','2025-08-26','martedì','09:30','17:30'),
('SLAMTN99M52A271R','2025-08-26','martedì','09:30','17:30'),
('CSTLRT84L17L085L','2025-08-26','martedì','09:30','17:30'),
('FBBCHR91B49G337O','2025-08-26','martedì','09:30','17:30'),
('CNTDGI88D21F257K','2025-08-26','martedì','09:30','17:30'),
('SRTVNT96H43H501K','2025-08-26','martedì','09:30','17:30'),
('MNCFRC86C30A944D','2025-08-26','martedì','09:30','17:30'),
('GRCRNI89T54H501Q','2025-08-26','martedì','09:30','17:30'),
('FRRRCR79A02G273S','2025-08-26','martedì','09:30','17:30'),
('BLLLRA92P67C351H','2025-08-26','martedì','09:30','17:30'),
('GLNMTT88S19L736E','2025-08-26','martedì','09:30','17:30'),
('RNLGLI94A48A794L','2025-08-26','martedì','09:30','17:30'),
('LTTNCL81E25L378M','2025-08-26','martedì','09:30','17:30'),
('RSOSLV96S46L424B','2025-08-26','martedì','09:30','17:30'),
('PLMDRD76D11H703S','2025-08-26','martedì','09:30','17:30'),
('SLABRC93B60G337J','2025-08-26','martedì','09:30','17:30'),
('MRNLNZ85L07D612M','2025-08-26','martedì','09:30','17:30'),
('PCAVNC89R53G337O','2025-08-26','martedì','09:30','17:30'),
('TSTNGL82A29L830W','2025-08-26','martedì','09:30','17:30'),
('RSSNMO98D44F122C','2025-08-26','martedì','09:30','17:30'),
('BRTVNI73M16C936H','2025-08-26','martedì','09:30','17:30'),
('GRORCC87E62L736R','2025-08-26','martedì','09:30','17:30'),
('ZNAGLI96P09F205N','2025-08-26','martedì','09:30','17:30'),
('BLLLNE91C58A509T','2025-08-26','martedì','09:30','17:30'),
('FRRMRT98T42B354J','2025-08-26','martedì','09:30','17:30'),
('MROPTR76H24C567N','2025-08-26','martedì','09:30','17:30'),
('LDOGVR89B54C794O','2025-08-26','martedì','09:30','17:30'),
('CRRDRA70R30B452A','2025-08-26','martedì','09:30','17:30'),
('RVIBNC00S51G273Y','2025-08-26','martedì','09:30','17:30'),
('NREVEA78E45G227P','2025-08-26','martedì','09:30','17:30'),
('NVLLCU89H12H501K','2025-08-27','mercoledì','09:00','17:00'),
('FRRNNA94C63F205V','2025-08-27','mercoledì','09:00','17:00'),
('GSTMRC88R10L219C','2025-08-27','mercoledì','09:00','17:00'),
('BNCFNC79T68F839Q','2025-08-27','mercoledì','09:00','17:00'),
('RSSSFN87E15A944X','2025-08-27','mercoledì','09:00','17:00'),
('NRELSE93S42D612A','2025-08-27','mercoledì','09:00','17:00'),
('BLLSRA95D59D612I','2025-08-27','mercoledì','09:00','17:00'),
('MRLGRG75A05G273E','2025-08-27','mercoledì','09:00','17:00'),
('SLAMTN99M52A271R','2025-08-27','mercoledì','09:00','17:00'),
('CSTLRT84L17L085L','2025-08-27','mercoledì','09:00','17:00'),
('FBBCHR91B49G337O','2025-08-27','mercoledì','09:00','17:00'),
('CNTDGI88D21F257K','2025-08-27','mercoledì','09:00','17:00'),
('SRTVNT96H43H501K','2025-08-27','mercoledì','09:00','17:00'),
('MNCFRC86C30A944D','2025-08-27','mercoledì','09:00','17:00'),
('GRCRNI89T54H501Q','2025-08-27','mercoledì','09:00','17:00'),
('FRRRCR79A02G273S','2025-08-27','mercoledì','09:00','17:00'),
('BLLLRA92P67C351H','2025-08-27','mercoledì','09:00','17:00'),
('GLNMTT88S19L736E','2025-08-27','mercoledì','09:00','17:00'),
('RNLGLI94A48A794L','2025-08-27','mercoledì','09:00','17:00'),
('LTTNCL81E25L378M','2025-08-27','mercoledì','09:00','17:00'),
('RSOSLV96S46L424B','2025-08-27','mercoledì','09:00','17:00'),
('PLMDRD76D11H703S','2025-08-27','mercoledì','09:00','17:00'),
('SLABRC93B60G337J','2025-08-27','mercoledì','09:00','17:00'),
('MRNLNZ85L07D612M','2025-08-27','mercoledì','09:00','17:00'),
('PCAVNC89R53G337O','2025-08-27','mercoledì','09:00','17:00'),
('TSTNGL82A29L830W','2025-08-27','mercoledì','09:00','17:00'),
('RSSNMO98D44F122C','2025-08-27','mercoledì','09:00','17:00'),
('BRTVNI73M16C936H','2025-08-27','mercoledì','09:00','17:00'),
('GRORCC87E62L736R','2025-08-27','mercoledì','09:00','17:00'),
('ZNAGLI96P09F205N','2025-08-27','mercoledì','09:00','17:00'),
('BLLLNE91C58A509T','2025-08-27','mercoledì','09:00','17:00'),
('FRRMRT98T42B354J','2025-08-27','mercoledì','09:00','17:00'),
('MROPTR76H24C567N','2025-08-27','mercoledì','09:00','17:00'),
('LDOGVR89B54C794O','2025-08-27','mercoledì','09:00','17:00'),
('CRRDRA70R30B452A','2025-08-27','mercoledì','09:00','17:00'),
('RVIBNC00S51G273Y','2025-08-27','mercoledì','09:00','17:00'),
('NREVEA78E45G227P','2025-08-27','mercoledì','09:00','17:00'),
('NVLLCU89H12H501K','2025-08-28','giovedì','12:00','18:00'),
('FRRNNA94C63F205V','2025-08-28','giovedì','12:00','18:00'),
('GSTMRC88R10L219C','2025-08-28','giovedì','12:00','18:00'),
('BNCFNC79T68F839Q','2025-08-28','giovedì','12:00','18:00'),
('RSSSFN87E15A944X','2025-08-28','giovedì','12:00','18:00'),
('NRELSE93S42D612A','2025-08-28','giovedì','12:00','18:00'),
('BLLSRA95D59D612I','2025-08-28','giovedì','12:00','18:00'),
('MRLGRG75A05G273E','2025-08-28','giovedì','12:00','18:00'),
('SLAMTN99M52A271R','2025-08-28','giovedì','12:00','18:00'),
('CSTLRT84L17L085L','2025-08-28','giovedì','12:00','18:00'),
('FBBCHR91B49G337O','2025-08-28','giovedì','12:00','18:00'),
('CNTDGI88D21F257K','2025-08-28','giovedì','12:00','18:00'),
('SRTVNT96H43H501K','2025-08-28','giovedì','12:00','18:00'),
('MNCFRC86C30A944D','2025-08-28','giovedì','12:00','18:00'),
('GRCRNI89T54H501Q','2025-08-28','giovedì','12:00','18:00'),
('FRRRCR79A02G273S','2025-08-28','giovedì','12:00','18:00'),
('BLLLRA92P67C351H','2025-08-28','giovedì','12:00','18:00'),
('GLNMTT88S19L736E','2025-08-28','giovedì','12:00','18:00'),
('RNLGLI94A48A794L','2025-08-28','giovedì','12:00','18:00'),
('LTTNCL81E25L378M','2025-08-28','giovedì','12:00','18:00'),
('RSOSLV96S46L424B','2025-08-28','giovedì','12:00','18:00'),
('PLMDRD76D11H703S','2025-08-28','giovedì','12:00','18:00'),
('SLABRC93B60G337J','2025-08-28','giovedì','12:00','18:00'),
('MRNLNZ85L07D612M','2025-08-28','giovedì','12:00','18:00'),
('PCAVNC89R53G337O','2025-08-28','giovedì','12:00','18:00'),
('TSTNGL82A29L830W','2025-08-28','giovedì','12:00','18:00'),
('RSSNMO98D44F122C','2025-08-28','giovedì','12:00','18:00'),
('BRTVNI73M16C936H','2025-08-28','giovedì','12:00','18:00'),
('GRORCC87E62L736R','2025-08-28','giovedì','12:00','18:00'),
('ZNAGLI96P09F205N','2025-08-28','giovedì','12:00','18:00'),
('BLLLNE91C58A509T','2025-08-28','giovedì','12:00','18:00'),
('FRRMRT98T42B354J','2025-08-28','giovedì','12:00','18:00'),
('MROPTR76H24C567N','2025-08-28','giovedì','12:00','18:00'),
('LDOGVR89B54C794O','2025-08-28','giovedì','12:00','18:00'),
('CRRDRA70R30B452A','2025-08-28','giovedì','12:00','18:00'),
('RVIBNC00S51G273Y','2025-08-28','giovedì','12:00','18:00'),
('NREVEA78E45G227P','2025-08-28','giovedì','12:00','18:00'),
('NVLLCU89H12H501K','2025-08-29','venerdì','09:00','16:00'),
('FRRNNA94C63F205V','2025-08-29','venerdì','09:00','16:00'),
('GSTMRC88R10L219C','2025-08-29','venerdì','09:00','16:00'),
('BNCFNC79T68F839Q','2025-08-29','venerdì','09:00','16:00'),
('RSSSFN87E15A944X','2025-08-29','venerdì','09:00','16:00'),
('NRELSE93S42D612A','2025-08-29','venerdì','09:00','16:00'),
('BLLSRA95D59D612I','2025-08-29','venerdì','09:00','16:00'),
('MRLGRG75A05G273E','2025-08-29','venerdì','09:00','16:00'),
('SLAMTN99M52A271R','2025-08-29','venerdì','09:00','16:00'),
('CSTLRT84L17L085L','2025-08-29','venerdì','09:00','16:00'),
('FBBCHR91B49G337O','2025-08-29','venerdì','09:00','16:00'),
('CNTDGI88D21F257K','2025-08-29','venerdì','09:00','16:00'),
('SRTVNT96H43H501K','2025-08-29','venerdì','09:00','16:00'),
('MNCFRC86C30A944D','2025-08-29','venerdì','09:00','16:00'),
('GRCRNI89T54H501Q','2025-08-29','venerdì','09:00','16:00'),
('FRRRCR79A02G273S','2025-08-29','venerdì','09:00','16:00'),
('BLLLRA92P67C351H','2025-08-29','venerdì','09:00','16:00'),
('GLNMTT88S19L736E','2025-08-29','venerdì','09:00','16:00'),
('RNLGLI94A48A794L','2025-08-29','venerdì','09:00','16:00'),
('LTTNCL81E25L378M','2025-08-29','venerdì','09:00','16:00'),
('RSOSLV96S46L424B','2025-08-29','venerdì','09:00','16:00'),
('PLMDRD76D11H703S','2025-08-29','venerdì','09:00','16:00'),
('SLABRC93B60G337J','2025-08-29','venerdì','09:00','16:00'),
('MRNLNZ85L07D612M','2025-08-29','venerdì','09:00','16:00'),
('PCAVNC89R53G337O','2025-08-29','venerdì','09:00','16:00'),
('TSTNGL82A29L830W','2025-08-29','venerdì','09:00','16:00'),
('RSSNMO98D44F122C','2025-08-29','venerdì','09:00','16:00'),
('BRTVNI73M16C936H','2025-08-29','venerdì','09:00','16:00'),
('GRORCC87E62L736R','2025-08-29','venerdì','09:00','16:00'),
('ZNAGLI96P09F205N','2025-08-29','venerdì','09:00','16:00'),
('BLLLNE91C58A509T','2025-08-29','venerdì','09:00','16:00'),
('FRRMRT98T42B354J','2025-08-29','venerdì','09:00','16:00'),
('MROPTR76H24C567N','2025-08-29','venerdì','09:00','16:00'),
('LDOGVR89B54C794O','2025-08-29','venerdì','09:00','16:00'),
('CRRDRA70R30B452A','2025-08-29','venerdì','09:00','16:00'),
('RVIBNC00S51G273Y','2025-08-29','venerdì','09:00','16:00'),
('NREVEA78E45G227P','2025-08-29','venerdì','09:00','16:00'),
('NVLLCU89H12H501K','2025-08-30','sabato','10:00','16:00'),
('FRRNNA94C63F205V','2025-08-30','sabato','10:00','16:00'),
('GSTMRC88R10L219C','2025-08-30','sabato','10:00','16:00'),
('BNCFNC79T68F839Q','2025-08-30','sabato','10:00','16:00'),
('RSSSFN87E15A944X','2025-08-30','sabato','10:00','16:00'),
('NRELSE93S42D612A','2025-08-30','sabato','10:00','16:00'),
('BLLSRA95D59D612I','2025-08-30','sabato','10:00','16:00'),
('MRLGRG75A05G273E','2025-08-30','sabato','10:00','16:00'),
('SLAMTN99M52A271R','2025-08-30','sabato','10:00','16:00'),
('CSTLRT84L17L085L','2025-08-30','sabato','10:00','16:00'),
('FBBCHR91B49G337O','2025-08-30','sabato','10:00','16:00'),
('CNTDGI88D21F257K','2025-08-30','sabato','10:00','16:00'),
('SRTVNT96H43H501K','2025-08-30','sabato','10:00','16:00'),
('MNCFRC86C30A944D','2025-08-30','sabato','10:00','16:00'),
('GRCRNI89T54H501Q','2025-08-30','sabato','10:00','16:00'),
('FRRRCR79A02G273S','2025-08-30','sabato','10:00','16:00'),
('BLLLRA92P67C351H','2025-08-30','sabato','10:00','16:00'),
('GLNMTT88S19L736E','2025-08-30','sabato','10:00','16:00'),
('RNLGLI94A48A794L','2025-08-30','sabato','10:00','16:00'),
('LTTNCL81E25L378M','2025-08-30','sabato','10:00','16:00'),
('RSOSLV96S46L424B','2025-08-30','sabato','10:00','16:00'),
('PLMDRD76D11H703S','2025-08-30','sabato','10:00','16:00'),
('SLABRC93B60G337J','2025-08-30','sabato','10:00','16:00'),
('MRNLNZ85L07D612M','2025-08-30','sabato','10:00','16:00'),
('PCAVNC89R53G337O','2025-08-30','sabato','10:00','16:00'),
('TSTNGL82A29L830W','2025-08-30','sabato','10:00','16:00'),
('RSSNMO98D44F122C','2025-08-30','sabato','10:00','16:00'),
('BRTVNI73M16C936H','2025-08-30','sabato','10:00','16:00'),
('GRORCC87E62L736R','2025-08-30','sabato','10:00','16:00'),
('ZNAGLI96P09F205N','2025-08-30','sabato','10:00','16:00'),
('BLLLNE91C58A509T','2025-08-30','sabato','10:00','16:00'),
('FRRMRT98T42B354J','2025-08-30','sabato','10:00','16:00'),
('MROPTR76H24C567N','2025-08-30','sabato','10:00','16:00'),
('LDOGVR89B54C794O','2025-08-30','sabato','10:00','16:00'),
('CRRDRA70R30B452A','2025-08-30','sabato','10:00','16:00'),
('RVIBNC00S51G273Y','2025-08-30','sabato','10:00','16:00'),
('NREVEA78E45G227P','2025-08-30','sabato','10:00','16:00'),
('NVLLCU89H12H501K','2025-08-31','domenica','10:00','14:00'),
('FRRNNA94C63F205V','2025-08-31','domenica','10:00','14:00'),
('GSTMRC88R10L219C','2025-08-31','domenica','10:00','14:00'),
('BNCFNC79T68F839Q','2025-08-31','domenica','10:00','14:00'),
('RSSSFN87E15A944X','2025-08-31','domenica','10:00','14:00'),
('NRELSE93S42D612A','2025-08-31','domenica','10:00','14:00'),
('BLLSRA95D59D612I','2025-08-31','domenica','10:00','14:00'),
('MRLGRG75A05G273E','2025-08-31','domenica','10:00','14:00'),
('SLAMTN99M52A271R','2025-08-31','domenica','10:00','14:00'),
('CSTLRT84L17L085L','2025-08-31','domenica','10:00','14:00'),
('FBBCHR91B49G337O','2025-08-31','domenica','10:00','14:00'),
('CNTDGI88D21F257K','2025-08-31','domenica','10:00','14:00'),
('SRTVNT96H43H501K','2025-08-31','domenica','10:00','14:00'),
('MNCFRC86C30A944D','2025-08-31','domenica','10:00','14:00'),
('GRCRNI89T54H501Q','2025-08-31','domenica','10:00','14:00'),
('FRRRCR79A02G273S','2025-08-31','domenica','10:00','14:00'),
('BLLLRA92P67C351H','2025-08-31','domenica','10:00','14:00'),
('GLNMTT88S19L736E','2025-08-31','domenica','10:00','14:00'),
('RNLGLI94A48A794L','2025-08-31','domenica','10:00','14:00'),
('LTTNCL81E25L378M','2025-08-31','domenica','10:00','14:00'),
('RSOSLV96S46L424B','2025-08-31','domenica','10:00','14:00'),
('PLMDRD76D11H703S','2025-08-31','domenica','10:00','14:00'),
('SLABRC93B60G337J','2025-08-31','domenica','10:00','14:00'),
('MRNLNZ85L07D612M','2025-08-31','domenica','10:00','14:00'),
('PCAVNC89R53G337O','2025-08-31','domenica','10:00','14:00'),
('TSTNGL82A29L830W','2025-08-31','domenica','10:00','14:00'),
('RSSNMO98D44F122C','2025-08-31','domenica','10:00','14:00'),
('BRTVNI73M16C936H','2025-08-31','domenica','10:00','14:00'),
('GRORCC87E62L736R','2025-08-31','domenica','10:00','14:00'),
('ZNAGLI96P09F205N','2025-08-31','domenica','10:00','14:00'),
('BLLLNE91C58A509T','2025-08-31','domenica','10:00','14:00'),
('FRRMRT98T42B354J','2025-08-31','domenica','10:00','14:00'),
('MROPTR76H24C567N','2025-08-31','domenica','10:00','14:00'),
('LDOGVR89B54C794O','2025-08-31','domenica','10:00','14:00'),
('CRRDRA70R30B452A','2025-08-31','domenica','10:00','14:00'),
('RVIBNC00S51G273Y','2025-08-31','domenica','10:00','14:00'),
('NREVEA78E45G227P','2025-08-31','domenica','10:00','14:00'),
('NVLLCU89H12H501K','2025-08-01','venerdì','10:00','18:00'),
('FRRNNA94C63F205V','2025-08-01','venerdì','10:00','18:00'),
('GSTMRC88R10L219C','2025-08-01','venerdì','10:00','18:00'),
('BNCFNC79T68F839Q','2025-08-01','venerdì','10:00','18:00'),
('RSSSFN87E15A944X','2025-08-01','venerdì','10:00','18:00'),
('NRELSE93S42D612A','2025-08-01','venerdì','10:00','18:00'),
('BLLSRA95D59D612I','2025-08-01','venerdì','10:00','18:00'),
('MRLGRG75A05G273E','2025-08-01','venerdì','10:00','18:00'),
('SLAMTN99M52A271R','2025-08-01','venerdì','10:00','18:00'),
('CSTLRT84L17L085L','2025-08-01','venerdì','10:00','18:00'),
('FBBCHR91B49G337O','2025-08-01','venerdì','10:00','18:00'),
('CNTDGI88D21F257K','2025-08-01','venerdì','10:00','18:00'),
('SRTVNT96H43H501K','2025-08-01','venerdì','10:00','18:00'),
('MNCFRC86C30A944D','2025-08-01','venerdì','10:00','18:00'),
('GRCRNI89T54H501Q','2025-08-01','venerdì','10:00','18:00'),
('FRRRCR79A02G273S','2025-08-01','venerdì','10:00','18:00'),
('BLLLRA92P67C351H','2025-08-01','venerdì','10:00','18:00'),
('GLNMTT88S19L736E','2025-08-01','venerdì','10:00','18:00'),
('RNLGLI94A48A794L','2025-08-01','venerdì','10:00','18:00'),
('LTTNCL81E25L378M','2025-08-01','venerdì','10:00','18:00'),
('RSOSLV96S46L424B','2025-08-01','venerdì','10:00','18:00'),
('PLMDRD76D11H703S','2025-08-01','venerdì','10:00','18:00'),
('SLABRC93B60G337J','2025-08-01','venerdì','10:00','18:00'),
('MRNLNZ85L07D612M','2025-08-01','venerdì','10:00','18:00'),
('PCAVNC89R53G337O','2025-08-01','venerdì','10:00','18:00'),
('TSTNGL82A29L830W','2025-08-01','venerdì','10:00','18:00'),
('RSSNMO98D44F122C','2025-08-01','venerdì','10:00','18:00'),
('BRTVNI73M16C936H','2025-08-01','venerdì','10:00','18:00'),
('GRORCC87E62L736R','2025-08-01','venerdì','10:00','18:00'),
('ZNAGLI96P09F205N','2025-08-01','venerdì','10:00','18:00'),
('BLLLNE91C58A509T','2025-08-01','venerdì','10:00','18:00'),
('FRRMRT98T42B354J','2025-08-01','venerdì','10:00','18:00'),
('MROPTR76H24C567N','2025-08-01','venerdì','10:00','18:00'),
('LDOGVR89B54C794O','2025-08-01','venerdì','10:00','18:00'),
('CRRDRA70R30B452A','2025-08-01','venerdì','10:00','18:00'),
('RVIBNC00S51G273Y','2025-08-01','venerdì','10:00','18:00'),
('NREVEA78E45G227P','2025-08-01','venerdì','10:00','18:00'),
('NVLLCU89H12H501K','2025-08-02','sabato','09:00','17:00'),
('FRRNNA94C63F205V','2025-08-02','sabato','09:00','17:00'),
('GSTMRC88R10L219C','2025-08-02','sabato','09:00','17:00'),
('BNCFNC79T68F839Q','2025-08-02','sabato','09:00','17:00'),
('RSSSFN87E15A944X','2025-08-02','sabato','09:00','17:00'),
('NRELSE93S42D612A','2025-08-02','sabato','09:00','17:00'),
('BLLSRA95D59D612I','2025-08-02','sabato','09:00','17:00'),
('MRLGRG75A05G273E','2025-08-02','sabato','09:00','17:00'),
('SLAMTN99M52A271R','2025-08-02','sabato','09:00','17:00'),
('CSTLRT84L17L085L','2025-08-02','sabato','09:00','17:00'),
('FBBCHR91B49G337O','2025-08-02','sabato','09:00','17:00'),
('CNTDGI88D21F257K','2025-08-02','sabato','09:00','17:00'),
('SRTVNT96H43H501K','2025-08-02','sabato','09:00','17:00'),
('MNCFRC86C30A944D','2025-08-02','sabato','09:00','17:00'),
('GRCRNI89T54H501Q','2025-08-02','sabato','09:00','17:00'),
('FRRRCR79A02G273S','2025-08-02','sabato','09:00','17:00'),
('BLLLRA92P67C351H','2025-08-02','sabato','09:00','17:00'),
('GLNMTT88S19L736E','2025-08-02','sabato','09:00','17:00'),
('RNLGLI94A48A794L','2025-08-02','sabato','09:00','17:00'),
('LTTNCL81E25L378M','2025-08-02','sabato','09:00','17:00'),
('RSOSLV96S46L424B','2025-08-02','sabato','09:00','17:00'),
('PLMDRD76D11H703S','2025-08-02','sabato','09:00','17:00'),
('SLABRC93B60G337J','2025-08-02','sabato','09:00','17:00'),
('MRNLNZ85L07D612M','2025-08-02','sabato','09:00','17:00'),
('PCAVNC89R53G337O','2025-08-02','sabato','09:00','17:00'),
('TSTNGL82A29L830W','2025-08-02','sabato','09:00','17:00'),
('RSSNMO98D44F122C','2025-08-02','sabato','09:00','17:00'),
('BRTVNI73M16C936H','2025-08-02','sabato','09:00','17:00'),
('GRORCC87E62L736R','2025-08-02','sabato','09:00','17:00'),
('ZNAGLI96P09F205N','2025-08-02','sabato','09:00','17:00'),
('BLLLNE91C58A509T','2025-08-02','sabato','09:00','17:00'),
('FRRMRT98T42B354J','2025-08-02','sabato','09:00','17:00'),
('MROPTR76H24C567N','2025-08-02','sabato','09:00','17:00'),
('LDOGVR89B54C794O','2025-08-02','sabato','09:00','17:00'),
('CRRDRA70R30B452A','2025-08-02','sabato','09:00','17:00'),
('RVIBNC00S51G273Y','2025-08-02','sabato','09:00','17:00'),
('NREVEA78E45G227P','2025-08-02','sabato','09:00','17:00'),
('NVLLCU89H12H501K','2025-08-03','domenica','10:00','18:00'),
('FRRNNA94C63F205V','2025-08-03','domenica','10:00','18:00'),
('GSTMRC88R10L219C','2025-08-03','domenica','10:00','18:00'),
('BNCFNC79T68F839Q','2025-08-03','domenica','10:00','18:00'),
('RSSSFN87E15A944X','2025-08-03','domenica','10:00','18:00'),
('NRELSE93S42D612A','2025-08-03','domenica','10:00','18:00'),
('BLLSRA95D59D612I','2025-08-03','domenica','10:00','18:00'),
('MRLGRG75A05G273E','2025-08-03','domenica','10:00','18:00'),
('SLAMTN99M52A271R','2025-08-03','domenica','10:00','18:00'),
('CSTLRT84L17L085L','2025-08-03','domenica','10:00','18:00'),
('FBBCHR91B49G337O','2025-08-03','domenica','10:00','18:00'),
('CNTDGI88D21F257K','2025-08-03','domenica','10:00','18:00'),
('SRTVNT96H43H501K','2025-08-03','domenica','10:00','18:00'),
('MNCFRC86C30A944D','2025-08-03','domenica','10:00','18:00'),
('GRCRNI89T54H501Q','2025-08-03','domenica','10:00','18:00'),
('FRRRCR79A02G273S','2025-08-03','domenica','10:00','18:00'),
('BLLLRA92P67C351H','2025-08-03','domenica','10:00','18:00'),
('GLNMTT88S19L736E','2025-08-03','domenica','10:00','18:00'),
('RNLGLI94A48A794L','2025-08-03','domenica','10:00','18:00'),
('LTTNCL81E25L378M','2025-08-03','domenica','10:00','18:00'),
('RSOSLV96S46L424B','2025-08-03','domenica','10:00','18:00'),
('PLMDRD76D11H703S','2025-08-03','domenica','10:00','18:00'),
('SLABRC93B60G337J','2025-08-03','domenica','10:00','18:00'),
('MRNLNZ85L07D612M','2025-08-03','domenica','10:00','18:00'),
('PCAVNC89R53G337O','2025-08-03','domenica','10:00','18:00'),
('TSTNGL82A29L830W','2025-08-03','domenica','10:00','18:00'),
('RSSNMO98D44F122C','2025-08-03','domenica','10:00','18:00'),
('BRTVNI73M16C936H','2025-08-03','domenica','10:00','18:00'),
('GRORCC87E62L736R','2025-08-03','domenica','10:00','18:00'),
('ZNAGLI96P09F205N','2025-08-03','domenica','10:00','18:00'),
('BLLLNE91C58A509T','2025-08-03','domenica','10:00','18:00'),
('FRRMRT98T42B354J','2025-08-03','domenica','10:00','18:00'),
('MROPTR76H24C567N','2025-08-03','domenica','10:00','18:00'),
('LDOGVR89B54C794O','2025-08-03','domenica','10:00','18:00'),
('CRRDRA70R30B452A','2025-08-03','domenica','10:00','18:00'),
('RVIBNC00S51G273Y','2025-08-03','domenica','10:00','18:00'),
('NREVEA78E45G227P','2025-08-03','domenica','10:00','18:00'),
('NVLLCU89H12H501K','2025-08-04','lunedì','09:00','17:00'),
('FRRNNA94C63F205V','2025-08-04','lunedì','09:00','17:00'),
('GSTMRC88R10L219C','2025-08-04','lunedì','09:00','17:00'),
('BNCFNC79T68F839Q','2025-08-04','lunedì','09:00','17:00'),
('RSSSFN87E15A944X','2025-08-04','lunedì','09:00','17:00'),
('NRELSE93S42D612A','2025-08-04','lunedì','09:00','17:00'),
('BLLSRA95D59D612I','2025-08-04','lunedì','09:00','17:00'),
('MRLGRG75A05G273E','2025-08-04','lunedì','09:00','17:00'),
('SLAMTN99M52A271R','2025-08-04','lunedì','09:00','17:00'),
('CSTLRT84L17L085L','2025-08-04','lunedì','09:00','17:00'),
('FBBCHR91B49G337O','2025-08-04','lunedì','09:00','17:00'),
('CNTDGI88D21F257K','2025-08-04','lunedì','09:00','17:00'),
('SRTVNT96H43H501K','2025-08-04','lunedì','09:00','17:00'),
('MNCFRC86C30A944D','2025-08-04','lunedì','09:00','17:00'),
('GRCRNI89T54H501Q','2025-08-04','lunedì','09:00','17:00'),
('FRRRCR79A02G273S','2025-08-04','lunedì','09:00','17:00'),
('BLLLRA92P67C351H','2025-08-04','lunedì','09:00','17:00'),
('GLNMTT88S19L736E','2025-08-04','lunedì','09:00','17:00'),
('RNLGLI94A48A794L','2025-08-04','lunedì','09:00','17:00'),
('LTTNCL81E25L378M','2025-08-04','lunedì','09:00','17:00'),
('RSOSLV96S46L424B','2025-08-04','lunedì','09:00','17:00'),
('PLMDRD76D11H703S','2025-08-04','lunedì','09:00','17:00'),
('SLABRC93B60G337J','2025-08-04','lunedì','09:00','17:00'),
('MRNLNZ85L07D612M','2025-08-04','lunedì','09:00','17:00'),
('PCAVNC89R53G337O','2025-08-04','lunedì','09:00','17:00'),
('TSTNGL82A29L830W','2025-08-04','lunedì','09:00','17:00'),
('RSSNMO98D44F122C','2025-08-04','lunedì','09:00','17:00'),
('BRTVNI73M16C936H','2025-08-04','lunedì','09:00','17:00'),
('GRORCC87E62L736R','2025-08-04','lunedì','09:00','17:00'),
('ZNAGLI96P09F205N','2025-08-04','lunedì','09:00','17:00'),
('BLLLNE91C58A509T','2025-08-04','lunedì','09:00','17:00'),
('FRRMRT98T42B354J','2025-08-04','lunedì','09:00','17:00'),
('MROPTR76H24C567N','2025-08-04','lunedì','09:00','17:00'),
('LDOGVR89B54C794O','2025-08-04','lunedì','09:00','17:00'),
('CRRDRA70R30B452A','2025-08-04','lunedì','09:00','17:00'),
('RVIBNC00S51G273Y','2025-08-04','lunedì','09:00','17:00'),
('NREVEA78E45G227P','2025-08-04','lunedì','09:00','17:00'),
('NVLLCU89H12H501K','2025-08-05','martedì','13:00','18:00'),
('FRRNNA94C63F205V','2025-08-05','martedì','13:00','18:00'),
('GSTMRC88R10L219C','2025-08-05','martedì','13:00','18:00'),
('BNCFNC79T68F839Q','2025-08-05','martedì','13:00','18:00'),
('RSSSFN87E15A944X','2025-08-05','martedì','13:00','18:00'),
('NRELSE93S42D612A','2025-08-05','martedì','13:00','18:00'),
('BLLSRA95D59D612I','2025-08-05','martedì','13:00','18:00'),
('MRLGRG75A05G273E','2025-08-05','martedì','13:00','18:00'),
('SLAMTN99M52A271R','2025-08-05','martedì','13:00','18:00'),
('CSTLRT84L17L085L','2025-08-05','martedì','13:00','18:00'),
('FBBCHR91B49G337O','2025-08-05','martedì','13:00','18:00'),
('CNTDGI88D21F257K','2025-08-05','martedì','13:00','18:00'),
('SRTVNT96H43H501K','2025-08-05','martedì','13:00','18:00'),
('MNCFRC86C30A944D','2025-08-05','martedì','13:00','18:00'),
('GRCRNI89T54H501Q','2025-08-05','martedì','13:00','18:00'),
('FRRRCR79A02G273S','2025-08-05','martedì','13:00','18:00'),
('BLLLRA92P67C351H','2025-08-05','martedì','13:00','18:00'),
('GLNMTT88S19L736E','2025-08-05','martedì','13:00','18:00'),
('RNLGLI94A48A794L','2025-08-05','martedì','13:00','18:00'),
('LTTNCL81E25L378M','2025-08-05','martedì','13:00','18:00'),
('RSOSLV96S46L424B','2025-08-05','martedì','13:00','18:00'),
('PLMDRD76D11H703S','2025-08-05','martedì','13:00','18:00'),
('SLABRC93B60G337J','2025-08-05','martedì','13:00','18:00'),
('MRNLNZ85L07D612M','2025-08-05','martedì','13:00','18:00'),
('PCAVNC89R53G337O','2025-08-05','martedì','13:00','18:00'),
('TSTNGL82A29L830W','2025-08-05','martedì','13:00','18:00'),
('RSSNMO98D44F122C','2025-08-05','martedì','13:00','18:00'),
('BRTVNI73M16C936H','2025-08-05','martedì','13:00','18:00'),
('GRORCC87E62L736R','2025-08-05','martedì','13:00','18:00'),
('ZNAGLI96P09F205N','2025-08-05','martedì','13:00','18:00'),
('BLLLNE91C58A509T','2025-08-05','martedì','13:00','18:00'),
('FRRMRT98T42B354J','2025-08-05','martedì','13:00','18:00'),
('MROPTR76H24C567N','2025-08-05','martedì','13:00','18:00'),
('LDOGVR89B54C794O','2025-08-05','martedì','13:00','18:00'),
('CRRDRA70R30B452A','2025-08-05','martedì','13:00','18:00'),
('RVIBNC00S51G273Y','2025-08-05','martedì','13:00','18:00'),
('NREVEA78E45G227P','2025-08-05','martedì','13:00','18:00'),
('NVLLCU89H12H501K','2025-08-06','mercoledì','09:00','15:00'),
('FRRNNA94C63F205V','2025-08-06','mercoledì','09:00','15:00'),
('GSTMRC88R10L219C','2025-08-06','mercoledì','09:00','15:00'),
('BNCFNC79T68F839Q','2025-08-06','mercoledì','09:00','15:00'),
('RSSSFN87E15A944X','2025-08-06','mercoledì','09:00','15:00'),
('NRELSE93S42D612A','2025-08-06','mercoledì','09:00','15:00'),
('BLLSRA95D59D612I','2025-08-06','mercoledì','09:00','15:00'),
('MRLGRG75A05G273E','2025-08-06','mercoledì','09:00','15:00'),
('SLAMTN99M52A271R','2025-08-06','mercoledì','09:00','15:00'),
('CSTLRT84L17L085L','2025-08-06','mercoledì','09:00','15:00'),
('FBBCHR91B49G337O','2025-08-06','mercoledì','09:00','15:00'),
('CNTDGI88D21F257K','2025-08-06','mercoledì','09:00','15:00'),
('SRTVNT96H43H501K','2025-08-06','mercoledì','09:00','15:00'),
('MNCFRC86C30A944D','2025-08-06','mercoledì','09:00','15:00'),
('GRCRNI89T54H501Q','2025-08-06','mercoledì','09:00','15:00'),
('FRRRCR79A02G273S','2025-08-06','mercoledì','09:00','15:00'),
('BLLLRA92P67C351H','2025-08-06','mercoledì','09:00','15:00'),
('GLNMTT88S19L736E','2025-08-06','mercoledì','09:00','15:00'),
('RNLGLI94A48A794L','2025-08-06','mercoledì','09:00','15:00'),
('LTTNCL81E25L378M','2025-08-06','mercoledì','09:00','15:00'),
('RSOSLV96S46L424B','2025-08-06','mercoledì','09:00','15:00'),
('PLMDRD76D11H703S','2025-08-06','mercoledì','09:00','15:00'),
('SLABRC93B60G337J','2025-08-06','mercoledì','09:00','15:00'),
('MRNLNZ85L07D612M','2025-08-06','mercoledì','09:00','15:00'),
('PCAVNC89R53G337O','2025-08-06','mercoledì','09:00','15:00'),
('TSTNGL82A29L830W','2025-08-06','mercoledì','09:00','15:00'),
('RSSNMO98D44F122C','2025-08-06','mercoledì','09:00','15:00'),
('BRTVNI73M16C936H','2025-08-06','mercoledì','09:00','15:00'),
('GRORCC87E62L736R','2025-08-06','mercoledì','09:00','15:00'),
('ZNAGLI96P09F205N','2025-08-06','mercoledì','09:00','15:00'),
('BLLLNE91C58A509T','2025-08-06','mercoledì','09:00','15:00'),
('FRRMRT98T42B354J','2025-08-06','mercoledì','09:00','15:00'),
('MROPTR76H24C567N','2025-08-06','mercoledì','09:00','15:00'),
('LDOGVR89B54C794O','2025-08-06','mercoledì','09:00','15:00'),
('CRRDRA70R30B452A','2025-08-06','mercoledì','09:00','15:00'),
('RVIBNC00S51G273Y','2025-08-06','mercoledì','09:00','15:00'),
('NREVEA78E45G227P','2025-08-06','mercoledì','09:00','15:00'),
('NVLLCU89H12H501K','2025-08-07','giovedì','11:00','15:00'),
('FRRNNA94C63F205V','2025-08-07','giovedì','11:00','15:00'),
('GSTMRC88R10L219C','2025-08-07','giovedì','11:00','15:00'),
('BNCFNC79T68F839Q','2025-08-07','giovedì','11:00','15:00'),
('RSSSFN87E15A944X','2025-08-07','giovedì','11:00','15:00'),
('NRELSE93S42D612A','2025-08-07','giovedì','11:00','15:00'),
('BLLSRA95D59D612I','2025-08-07','giovedì','11:00','15:00'),
('MRLGRG75A05G273E','2025-08-07','giovedì','11:00','15:00'),
('SLAMTN99M52A271R','2025-08-07','giovedì','11:00','15:00'),
('CSTLRT84L17L085L','2025-08-07','giovedì','11:00','15:00'),
('FBBCHR91B49G337O','2025-08-07','giovedì','11:00','15:00'),
('CNTDGI88D21F257K','2025-08-07','giovedì','11:00','15:00'),
('SRTVNT96H43H501K','2025-08-07','giovedì','11:00','15:00'),
('MNCFRC86C30A944D','2025-08-07','giovedì','11:00','15:00'),
('GRCRNI89T54H501Q','2025-08-07','giovedì','11:00','15:00'),
('FRRRCR79A02G273S','2025-08-07','giovedì','11:00','15:00'),
('BLLLRA92P67C351H','2025-08-07','giovedì','11:00','15:00'),
('GLNMTT88S19L736E','2025-08-07','giovedì','11:00','15:00'),
('RNLGLI94A48A794L','2025-08-07','giovedì','11:00','15:00'),
('LTTNCL81E25L378M','2025-08-07','giovedì','11:00','15:00'),
('RSOSLV96S46L424B','2025-08-07','giovedì','11:00','15:00'),
('PLMDRD76D11H703S','2025-08-07','giovedì','11:00','15:00'),
('SLABRC93B60G337J','2025-08-07','giovedì','11:00','15:00'),
('MRNLNZ85L07D612M','2025-08-07','giovedì','11:00','15:00'),
('PCAVNC89R53G337O','2025-08-07','giovedì','11:00','15:00'),
('TSTNGL82A29L830W','2025-08-07','giovedì','11:00','15:00'),
('RSSNMO98D44F122C','2025-08-07','giovedì','11:00','15:00'),
('BRTVNI73M16C936H','2025-08-07','giovedì','11:00','15:00'),
('GRORCC87E62L736R','2025-08-07','giovedì','11:00','15:00'),
('ZNAGLI96P09F205N','2025-08-07','giovedì','11:00','15:00'),
('BLLLNE91C58A509T','2025-08-07','giovedì','11:00','15:00'),
('FRRMRT98T42B354J','2025-08-07','giovedì','11:00','15:00'),
('MROPTR76H24C567N','2025-08-07','giovedì','11:00','15:00'),
('LDOGVR89B54C794O','2025-08-07','giovedì','11:00','15:00'),
('CRRDRA70R30B452A','2025-08-07','giovedì','11:00','15:00'),
('RVIBNC00S51G273Y','2025-08-07','giovedì','11:00','15:00'),
('NREVEA78E45G227P','2025-08-07','giovedì','11:00','15:00'),
('NVLLCU89H12H501K','2025-08-08','venerdì','09:00','16:00'),
('FRRNNA94C63F205V','2025-08-08','venerdì','09:00','16:00'),
('GSTMRC88R10L219C','2025-08-08','venerdì','09:00','16:00'),
('BNCFNC79T68F839Q','2025-08-08','venerdì','09:00','16:00'),
('RSSSFN87E15A944X','2025-08-08','venerdì','09:00','16:00'),
('NRELSE93S42D612A','2025-08-08','venerdì','09:00','16:00'),
('BLLSRA95D59D612I','2025-08-08','venerdì','09:00','16:00'),
('MRLGRG75A05G273E','2025-08-08','venerdì','09:00','16:00'),
('SLAMTN99M52A271R','2025-08-08','venerdì','09:00','16:00'),
('CSTLRT84L17L085L','2025-08-08','venerdì','09:00','16:00'),
('FBBCHR91B49G337O','2025-08-08','venerdì','09:00','16:00'),
('CNTDGI88D21F257K','2025-08-08','venerdì','09:00','16:00'),
('SRTVNT96H43H501K','2025-08-08','venerdì','09:00','16:00'),
('MNCFRC86C30A944D','2025-08-08','venerdì','09:00','16:00'),
('GRCRNI89T54H501Q','2025-08-08','venerdì','09:00','16:00'),
('FRRRCR79A02G273S','2025-08-08','venerdì','09:00','16:00'),
('BLLLRA92P67C351H','2025-08-08','venerdì','09:00','16:00'),
('GLNMTT88S19L736E','2025-08-08','venerdì','09:00','16:00'),
('RNLGLI94A48A794L','2025-08-08','venerdì','09:00','16:00'),
('LTTNCL81E25L378M','2025-08-08','venerdì','09:00','16:00'),
('RSOSLV96S46L424B','2025-08-08','venerdì','09:00','16:00'),
('PLMDRD76D11H703S','2025-08-08','venerdì','09:00','16:00'),
('SLABRC93B60G337J','2025-08-08','venerdì','09:00','16:00'),
('MRNLNZ85L07D612M','2025-08-08','venerdì','09:00','16:00'),
('PCAVNC89R53G337O','2025-08-08','venerdì','09:00','16:00'),
('TSTNGL82A29L830W','2025-08-08','venerdì','09:00','16:00'),
('RSSNMO98D44F122C','2025-08-08','venerdì','09:00','16:00'),
('BRTVNI73M16C936H','2025-08-08','venerdì','09:00','16:00'),
('GRORCC87E62L736R','2025-08-08','venerdì','09:00','16:00'),
('ZNAGLI96P09F205N','2025-08-08','venerdì','09:00','16:00'),
('BLLLNE91C58A509T','2025-08-08','venerdì','09:00','16:00'),
('FRRMRT98T42B354J','2025-08-08','venerdì','09:00','16:00'),
('MROPTR76H24C567N','2025-08-08','venerdì','09:00','16:00'),
('LDOGVR89B54C794O','2025-08-08','lunedì','09:00','16:00'),
('CRRDRA70R30B452A','2025-08-08','venerdì','09:00','16:00'),
('RVIBNC00S51G273Y','2025-08-08','venerdì','09:00','16:00'),
('NREVEA78E45G227P','2025-08-08','venerdì','09:00','16:00'),
('NVLLCU89H12H501K','2025-08-09','sabato','09:30','17:30'),
('FRRNNA94C63F205V','2025-08-09','sabato','09:30','17:30'),
('GSTMRC88R10L219C','2025-08-09','sabato','09:30','17:30'),
('BNCFNC79T68F839Q','2025-08-09','sabato','09:30','17:30'),
('RSSSFN87E15A944X','2025-08-09','sabato','09:30','17:30'),
('NRELSE93S42D612A','2025-08-09','sabato','09:30','17:30'),
('BLLSRA95D59D612I','2025-08-09','sabato','09:30','17:30'),
('MRLGRG75A05G273E','2025-08-09','sabato','09:30','17:30'),
('SLAMTN99M52A271R','2025-08-09','sabato','09:30','17:30'),
('CSTLRT84L17L085L','2025-08-09','sabato','09:30','17:30'),
('FBBCHR91B49G337O','2025-08-09','sabato','09:30','17:30'),
('CNTDGI88D21F257K','2025-08-09','sabato','09:30','17:30'),
('SRTVNT96H43H501K','2025-08-09','sabato','09:30','17:30'),
('MNCFRC86C30A944D','2025-08-09','sabato','09:30','17:30'),
('GRCRNI89T54H501Q','2025-08-09','sabato','09:30','17:30'),
('FRRRCR79A02G273S','2025-08-09','sabato','09:30','17:30'),
('BLLLRA92P67C351H','2025-08-09','sabato','09:30','17:30'),
('GLNMTT88S19L736E','2025-08-09','sabato','09:30','17:30'),
('RNLGLI94A48A794L','2025-08-09','sabato','09:30','17:30'),
('LTTNCL81E25L378M','2025-08-09','sabato','09:30','17:30'),
('RSOSLV96S46L424B','2025-08-09','sabato','09:30','17:30'),
('PLMDRD76D11H703S','2025-08-09','sabato','09:30','17:30'),
('SLABRC93B60G337J','2025-08-09','sabato','09:30','17:30'),
('MRNLNZ85L07D612M','2025-08-09','sabato','09:30','17:30'),
('PCAVNC89R53G337O','2025-08-09','sabato','09:30','17:30'),
('TSTNGL82A29L830W','2025-08-09','sabato','09:30','17:30'),
('RSSNMO98D44F122C','2025-08-09','sabato','09:30','17:30'),
('BRTVNI73M16C936H','2025-08-09','sabato','09:30','17:30'),
('GRORCC87E62L736R','2025-08-09','sabato','09:30','17:30'),
('ZNAGLI96P09F205N','2025-08-09','sabato','09:30','17:30'),
('BLLLNE91C58A509T','2025-08-09','sabato','09:30','17:30'),
('FRRMRT98T42B354J','2025-08-09','sabato','09:30','17:30'),
('MROPTR76H24C567N','2025-08-09','sabato','09:30','17:30'),
('LDOGVR89B54C794O','2025-08-09','sabato','09:30','17:30'),
('CRRDRA70R30B452A','2025-08-09','sabato','09:30','17:30'),
('RVIBNC00S51G273Y','2025-08-09','sabato','09:30','17:30'),
('NREVEA78E45G227P','2025-08-09','sabato','09:30','17:30'),
('NVLLCU89H12H501K','2025-08-10','domenica','09:30','17:30'),
('FRRNNA94C63F205V','2025-08-10','domenica','09:30','17:30'),
('GSTMRC88R10L219C','2025-08-10','domenica','09:30','17:30'),
('BNCFNC79T68F839Q','2025-08-10','domenica','09:30','17:30'),
('RSSSFN87E15A944X','2025-08-10','domenica','09:30','17:30'),
('NRELSE93S42D612A','2025-08-10','domenica','09:30','17:30'),
('BLLSRA95D59D612I','2025-08-10','domenica','09:30','17:30'),
('MRLGRG75A05G273E','2025-08-10','domenica','09:30','17:30'),
('SLAMTN99M52A271R','2025-08-10','domenica','09:30','17:30'),
('CSTLRT84L17L085L','2025-08-10','domenica','09:30','17:30'),
('FBBCHR91B49G337O','2025-08-10','domenica','09:30','17:30'),
('CNTDGI88D21F257K','2025-08-10','domenica','09:30','17:30'),
('SRTVNT96H43H501K','2025-08-10','domenica','09:30','17:30'),
('MNCFRC86C30A944D','2025-08-10','domenica','09:30','17:30'),
('GRCRNI89T54H501Q','2025-08-10','domenica','09:30','17:30'),
('FRRRCR79A02G273S','2025-08-10','domenica','09:30','17:30'),
('BLLLRA92P67C351H','2025-08-10','domenica','09:30','17:30'),
('GLNMTT88S19L736E','2025-08-10','domenica','09:30','17:30'),
('RNLGLI94A48A794L','2025-08-10','domenica','09:30','17:30'),
('LTTNCL81E25L378M','2025-08-10','domenica','09:30','17:30'),
('RSOSLV96S46L424B','2025-08-10','domenica','09:30','17:30'),
('PLMDRD76D11H703S','2025-08-10','domenica','09:30','17:30'),
('SLABRC93B60G337J','2025-08-10','domenica','09:30','17:30'),
('MRNLNZ85L07D612M','2025-08-10','domenica','09:30','17:30'),
('PCAVNC89R53G337O','2025-08-10','domenica','09:30','17:30'),
('TSTNGL82A29L830W','2025-08-10','domenica','09:30','17:30'),
('RSSNMO98D44F122C','2025-08-10','domenica','09:30','17:30'),
('BRTVNI73M16C936H','2025-08-10','domenica','09:30','17:30'),
('GRORCC87E62L736R','2025-08-10','domenica','09:30','17:30'),
('ZNAGLI96P09F205N','2025-08-10','domenica','09:30','17:30'),
('BLLLNE91C58A509T','2025-08-10','domenica','09:30','17:30'),
('FRRMRT98T42B354J','2025-08-10','domenica','09:30','17:30'),
('MROPTR76H24C567N','2025-08-10','domenica','09:30','17:30'),
('LDOGVR89B54C794O','2025-08-10','domenica','09:30','17:30'),
('CRRDRA70R30B452A','2025-08-10','domenica','09:30','17:30'),
('RVIBNC00S51G273Y','2025-08-10','domenica','09:30','17:30'),
('NREVEA78E45G227P','2025-08-10','domenica','09:30','17:30'),
('NVLLCU89H12H501K','2025-08-11','lunedì','09:00','13:00'),
('FRRNNA94C63F205V','2025-08-11','lunedì','09:00','13:00'),
('GSTMRC88R10L219C','2025-08-11','lunedì','09:00','13:00'),
('BNCFNC79T68F839Q','2025-08-11','lunedì','09:00','13:00'),
('RSSSFN87E15A944X','2025-08-11','lunedì','09:00','13:00'),
('NRELSE93S42D612A','2025-08-11','lunedì','09:00','13:00'),
('BLLSRA95D59D612I','2025-08-11','lunedì','09:00','13:00'),
('MRLGRG75A05G273E','2025-08-11','lunedì','09:00','13:00'),
('SLAMTN99M52A271R','2025-08-11','lunedì','09:00','13:00'),
('CSTLRT84L17L085L','2025-08-11','lunedì','09:00','13:00'),
('FBBCHR91B49G337O','2025-08-11','lunedì','09:00','13:00'),
('CNTDGI88D21F257K','2025-08-11','lunedì','09:00','13:00'),
('SRTVNT96H43H501K','2025-08-11','lunedì','09:00','13:00'),
('MNCFRC86C30A944D','2025-08-11','lunedì','09:00','13:00'),
('GRCRNI89T54H501Q','2025-08-11','lunedì','09:00','13:00'),
('FRRRCR79A02G273S','2025-08-11','lunedì','09:00','13:00'),
('BLLLRA92P67C351H','2025-08-11','lunedì','09:00','13:00'),
('GLNMTT88S19L736E','2025-08-11','lunedì','09:00','13:00'),
('RNLGLI94A48A794L','2025-08-11','lunedì','09:00','13:00'),
('LTTNCL81E25L378M','2025-08-11','lunedì','09:00','13:00'),
('RSOSLV96S46L424B','2025-08-11','lunedì','09:00','13:00'),
('PLMDRD76D11H703S','2025-08-11','lunedì','09:00','13:00'),
('SLABRC93B60G337J','2025-08-11','lunedì','09:00','13:00'),
('MRNLNZ85L07D612M','2025-08-11','lunedì','09:00','13:00'),
('PCAVNC89R53G337O','2025-08-11','lunedì','09:00','13:00'),
('TSTNGL82A29L830W','2025-08-11','lunedì','09:00','13:00'),
('RSSNMO98D44F122C','2025-08-11','lunedì','09:00','13:00'),
('BRTVNI73M16C936H','2025-08-11','lunedì','09:00','13:00'),
('GRORCC87E62L736R','2025-08-11','lunedì','09:00','13:00'),
('ZNAGLI96P09F205N','2025-08-11','lunedì','09:00','13:00'),
('BLLLNE91C58A509T','2025-08-11','lunedì','09:00','13:00'),
('FRRMRT98T42B354J','2025-08-11','lunedì','09:00','13:00'),
('MROPTR76H24C567N','2025-08-11','lunedì','09:00','13:00'),
('LDOGVR89B54C794O','2025-08-11','lunedì','09:00','13:00'),
('CRRDRA70R30B452A','2025-08-11','lunedì','09:00','13:00'),
('RVIBNC00S51G273Y','2025-08-11','lunedì','09:00','13:00'),
('NREVEA78E45G227P','2025-08-11','lunedì','09:00','13:00'),
('NVLLCU89H12H501K','2025-08-12','martedì','09:00','16:00'),
('FRRNNA94C63F205V','2025-08-12','martedì','09:00','16:00'),
('GSTMRC88R10L219C','2025-08-12','martedì','09:00','16:00'),
('BNCFNC79T68F839Q','2025-08-12','martedì','09:00','16:00'),
('RSSSFN87E15A944X','2025-08-12','martedì','09:00','16:00'),
('NRELSE93S42D612A','2025-08-12','martedì','09:00','16:00'),
('BLLSRA95D59D612I','2025-08-12','martedì','09:00','16:00'),
('MRLGRG75A05G273E','2025-08-12','martedì','09:00','16:00'),
('SLAMTN99M52A271R','2025-08-12','martedì','09:00','16:00'),
('CSTLRT84L17L085L','2025-08-12','martedì','09:00','16:00'),
('FBBCHR91B49G337O','2025-08-12','martedì','09:00','16:00'),
('CNTDGI88D21F257K','2025-08-12','martedì','09:00','16:00'),
('SRTVNT96H43H501K','2025-08-12','martedì','09:00','16:00'),
('MNCFRC86C30A944D','2025-08-12','martedì','09:00','16:00'),
('GRCRNI89T54H501Q','2025-08-12','martedì','09:00','16:00'),
('FRRRCR79A02G273S','2025-08-12','martedì','09:00','16:00'),
('BLLLRA92P67C351H','2025-08-12','martedì','09:00','16:00'),
('GLNMTT88S19L736E','2025-08-12','martedì','09:00','16:00'),
('RNLGLI94A48A794L','2025-08-12','martedì','09:00','16:00'),
('LTTNCL81E25L378M','2025-08-12','martedì','09:00','16:00'),
('RSOSLV96S46L424B','2025-08-12','martedì','09:00','16:00'),
('PLMDRD76D11H703S','2025-08-12','martedì','09:00','16:00'),
('SLABRC93B60G337J','2025-08-12','martedì','09:00','16:00'),
('MRNLNZ85L07D612M','2025-08-12','martedì','09:00','16:00'),
('PCAVNC89R53G337O','2025-08-12','martedì','09:00','16:00'),
('TSTNGL82A29L830W','2025-08-12','martedì','09:00','16:00'),
('RSSNMO98D44F122C','2025-08-12','martedì','09:00','16:00'),
('BRTVNI73M16C936H','2025-08-12','martedì','09:00','16:00'),
('GRORCC87E62L736R','2025-08-12','martedì','09:00','16:00'),
('ZNAGLI96P09F205N','2025-08-12','martedì','09:00','16:00'),
('BLLLNE91C58A509T','2025-08-12','martedì','09:00','16:00'),
('FRRMRT98T42B354J','2025-08-12','martedì','09:00','16:00'),
('MROPTR76H24C567N','2025-08-12','martedì','09:00','16:00'),
('LDOGVR89B54C794O','2025-08-12','martedì','09:00','16:00'),
('CRRDRA70R30B452A','2025-08-12','martedì','09:00','16:00'),
('RVIBNC00S51G273Y','2025-08-12','martedì','09:00','16:00'),
('NREVEA78E45G227P','2025-08-12','martedì','09:00','16:00'),
('NVLLCU89H12H501K','2025-08-13','mercoledì','09:00','18:00'),
('FRRNNA94C63F205V','2025-08-13','mercoledì','09:00','18:00'),
('GSTMRC88R10L219C','2025-08-13','mercoledì','09:00','18:00'),
('BNCFNC79T68F839Q','2025-08-13','mercoledì','09:00','18:00'),
('RSSSFN87E15A944X','2025-08-13','mercoledì','09:00','18:00'),
('NRELSE93S42D612A','2025-08-13','mercoledì','09:00','18:00'),
('BLLSRA95D59D612I','2025-08-13','mercoledì','09:00','18:00'),
('MRLGRG75A05G273E','2025-08-13','mercoledì','09:00','18:00'),
('SLAMTN99M52A271R','2025-08-13','mercoledì','09:00','18:00'),
('CSTLRT84L17L085L','2025-08-13','mercoledì','09:00','18:00'),
('FBBCHR91B49G337O','2025-08-13','mercoledì','09:00','18:00'),
('CNTDGI88D21F257K','2025-08-13','mercoledì','09:00','18:00'),
('SRTVNT96H43H501K','2025-08-13','mercoledì','09:00','18:00'),
('MNCFRC86C30A944D','2025-08-13','mercoledì','09:00','18:00'),
('GRCRNI89T54H501Q','2025-08-13','mercoledì','09:00','18:00'),
('FRRRCR79A02G273S','2025-08-13','mercoledì','09:00','18:00'),
('BLLLRA92P67C351H','2025-08-13','mercoledì','09:00','18:00'),
('GLNMTT88S19L736E','2025-08-13','mercoledì','09:00','18:00'),
('RNLGLI94A48A794L','2025-08-13','mercoledì','09:00','18:00'),
('LTTNCL81E25L378M','2025-08-13','mercoledì','09:00','18:00'),
('RSOSLV96S46L424B','2025-08-13','mercoledì','09:00','18:00'),
('PLMDRD76D11H703S','2025-08-13','mercoledì','09:00','18:00'),
('SLABRC93B60G337J','2025-08-13','mercoledì','09:00','18:00'),
('MRNLNZ85L07D612M','2025-08-13','mercoledì','09:00','18:00'),
('PCAVNC89R53G337O','2025-08-13','mercoledì','09:00','18:00'),
('TSTNGL82A29L830W','2025-08-13','mercoledì','09:00','18:00'),
('RSSNMO98D44F122C','2025-08-13','mercoledì','09:00','18:00'),
('BRTVNI73M16C936H','2025-08-13','mercoledì','09:00','18:00'),
('GRORCC87E62L736R','2025-08-13','mercoledì','09:00','18:00'),
('ZNAGLI96P09F205N','2025-08-13','mercoledì','09:00','18:00'),
('BLLLNE91C58A509T','2025-08-13','mercoledì','09:00','18:00'),
('FRRMRT98T42B354J','2025-08-13','mercoledì','09:00','18:00'),
('MROPTR76H24C567N','2025-08-13','mercoledì','09:00','18:00'),
('LDOGVR89B54C794O','2025-08-13','mercoledì','09:00','18:00'),
('CRRDRA70R30B452A','2025-08-13','mercoledì','09:00','18:00'),
('RVIBNC00S51G273Y','2025-08-13','mercoledì','09:00','18:00'),
('NREVEA78E45G227P','2025-08-13','mercoledì','09:00','18:00'),
('NVLLCU89H12H501K','2025-08-14','giovedì','10:00','16:00'),
('FRRNNA94C63F205V','2025-08-14','giovedì','10:00','16:00'),
('GSTMRC88R10L219C','2025-08-14','giovedì','10:00','16:00'),
('BNCFNC79T68F839Q','2025-08-14','giovedì','10:00','16:00'),
('RSSSFN87E15A944X','2025-08-14','giovedì','10:00','16:00'),
('NRELSE93S42D612A','2025-08-14','giovedì','10:00','16:00'),
('BLLSRA95D59D612I','2025-08-14','giovedì','10:00','16:00'),
('MRLGRG75A05G273E','2025-08-14','giovedì','10:00','16:00'),
('SLAMTN99M52A271R','2025-08-14','giovedì','10:00','16:00'),
('CSTLRT84L17L085L','2025-08-14','giovedì','10:00','16:00'),
('FBBCHR91B49G337O','2025-08-14','giovedì','10:00','16:00'),
('CNTDGI88D21F257K','2025-08-14','giovedì','10:00','16:00'),
('SRTVNT96H43H501K','2025-08-14','giovedì','10:00','16:00'),
('MNCFRC86C30A944D','2025-08-14','giovedì','10:00','16:00'),
('GRCRNI89T54H501Q','2025-08-14','giovedì','10:00','16:00'),
('FRRRCR79A02G273S','2025-08-14','giovedì','10:00','16:00'),
('BLLLRA92P67C351H','2025-08-14','giovedì','10:00','16:00'),
('GLNMTT88S19L736E','2025-08-14','giovedì','10:00','16:00'),
('RNLGLI94A48A794L','2025-08-14','giovedì','10:00','16:00'),
('LTTNCL81E25L378M','2025-08-14','giovedì','10:00','16:00'),
('RSOSLV96S46L424B','2025-08-14','giovedì','10:00','16:00'),
('PLMDRD76D11H703S','2025-08-14','giovedì','10:00','16:00'),
('SLABRC93B60G337J','2025-08-14','giovedì','10:00','16:00'),
('MRNLNZ85L07D612M','2025-08-14','giovedì','10:00','16:00'),
('PCAVNC89R53G337O','2025-08-14','giovedì','10:00','16:00'),
('TSTNGL82A29L830W','2025-08-14','giovedì','10:00','16:00'),
('RSSNMO98D44F122C','2025-08-14','giovedì','10:00','16:00'),
('BRTVNI73M16C936H','2025-08-14','giovedì','10:00','16:00'),
('GRORCC87E62L736R','2025-08-14','giovedì','10:00','16:00'),
('ZNAGLI96P09F205N','2025-08-14','giovedì','10:00','16:00'),
('BLLLNE91C58A509T','2025-08-14','giovedì','10:00','16:00'),
('FRRMRT98T42B354J','2025-08-14','giovedì','10:00','16:00'),
('MROPTR76H24C567N','2025-08-14','giovedì','10:00','16:00'),
('LDOGVR89B54C794O','2025-08-14','giovedì','10:00','16:00'),
('CRRDRA70R30B452A','2025-08-14','giovedì','10:00','16:00'),
('RVIBNC00S51G273Y','2025-08-14','giovedì','10:00','16:00'),
('NREVEA78E45G227P','2025-08-14','giovedì','10:00','16:00');

-- VISITA
INSERT INTO visita(codice_fiscale, nome, data)
VALUES
('BNCMRA70A01H501Z','ZA01','2025-08-18'),
('BNCMRA70A01H501Z','H01','2025-08-18'),
('BNCMRA70A01H501Z','H08','2025-08-18'),
('BNCMRA70A01H501Z','ZR01','2025-08-18'),
('MLLSMT82P65Z404U','ZA01','2025-08-18'),
('MLLSMT82P65Z404U','H02','2025-08-18'),
('MLLSMT82P65Z404U','H09','2025-08-18'),
('RSSMRA90C15F205K','ZA01','2025-08-18'),
('RSSMRA90C15F205K','H03','2025-08-18'),
('RSSMRA90C15F205K','H10','2025-08-18'),
('VRDNCL88M20H501Y','ZA01','2025-08-18'),
('VRDNCL88M20H501Y','H04','2025-08-18'),
('VRDNCL88M20H501Y','H11','2025-08-18'),
('VRDNCL88M20H501Y','ZR04','2025-08-18'),
('FRTLNZ85R12F839A','ZA01','2025-08-19'),
('FRTLNZ85R12F839A','H05','2025-08-19'),
('FRTLNZ85R12F839A','H12','2025-08-19'),
('GLLVNR78D23H501B','ZA01','2025-08-19'),
('GLLVNR78D23H501B','H06','2025-08-19'),
('GLLVNR78D23H501B','H13','2025-08-19'),
('PRNDRG92S11H501C','ZA01','2025-08-19'),
('PRNDRG92S11H501C','H07','2025-08-19'),
('PRNDRG92S11H501C','H14','2025-08-19'),
('PRNDRG92S11H501C','ZR03','2025-08-19'),
('DLCRSN88M21F205D','ZA01','2025-08-19'),
('DLCRSN88M21F205D','H08','2025-08-19'),
('DLCRSN88M21F205D','H15','2025-08-19'),
('BRTLND01B12H501Q','ZA01','2025-08-20'),
('BRTLND01B12H501Q','H09','2025-08-20'),
('BRTLND01B12H501Q','H16','2025-08-20'),
('BRTLND01B12H501Q','ZR01','2025-08-20'),
('SGRVLD95C09F205R','ZA01','2025-08-20'),
('SGRVLD95C09F205R','H10','2025-08-20'),
('SGRVLD95C09F205R','H17','2025-08-20'),
('MRCBRT10D23F839S','ZA01','2025-08-21'),
('MRCBRT10D23F839S','H11','2025-08-21'),
('MRCBRT10D23F839S','H18','2025-08-21'),
('PNZLFC12E05H501T','ZA01','2025-08-21'),
('PNZLFC12E05H501T','H12','2025-08-21'),
('PNZLFC12E05H501T','H19','2025-08-21'),
('PNZLFC12E05H501T','ZR04','2025-08-21'),
('LMDGNN77F18L219U','ZA01','2025-08-22'),
('LMDGNN77F18L219U','H13','2025-08-22'),
('LMDGNN77F18L219U','H20','2025-08-22'),
('CZRVNR83G30H501V','ZA01','2025-08-22'),
('CZRVNR83G30H501V','H14','2025-08-22'),
('CZRVNR83G30H501V','H21','2025-08-22'),
('CZRVNR83G30H501V','ZR03','2025-08-22'),
('TMRNDR01H01F205W','ZA01','2025-08-23'),
('TMRNDR01H01F205W','H15','2025-08-23'),
('TMRNDR01H01F205W','H22','2025-08-23'),
('PNCLRL89J14H501X','ZA01','2025-08-23'),
('PNCLRL89J14H501X','H16','2025-08-23'),
('PNCLRL89J14H501X','H23','2025-08-23'),
('SVRGLN94K02F839Y','ZA01','2025-08-23'),
('SVRGLN94K02F839Y','H17','2025-08-23'),
('SVRGLN94K02F839Y','H24','2025-08-23'),
('DRGLLN68L11H501Z','ZA01','2025-08-23'),
('DRGLLN68L11H501Z','H18','2025-08-23'),
('DRGLLN68L11H501Z','H25','2025-08-23'),
('DRGLLN68L11H501Z','ZR06','2025-08-23'),
('MNTLVR03M27F205A','ZA01','2025-08-24'),
('MNTLVR03M27F205A','H19','2025-08-24'),
('MNTLVR03M27F205A','H01','2025-08-24'),
('FRCSNZ86N05H501B','ZA01','2025-08-25'),
('FRCSNZ86N05H501B','H20','2025-08-25'),
('FRCSNZ86N05H501B','H02','2025-08-25'),
('ZPLNFR99P09F839C','ZA01','2025-08-25'),
('ZPLNFR99P09F839C','H21','2025-08-25'),
('ZPLNFR99P09F839C','H03','2025-08-25'),
('BLTRSV92Q22H501D','ZA01','2025-08-25'),
('BLTRSV92Q22H501D','H22','2025-08-25'),
('BLTRSV92Q22H501D','H04','2025-08-25'),
('VRNDTM05R13F205E','ZA01','2025-08-26'),
('VRNDTM05R13F205E','H23','2025-08-26'),
('VRNDTM05R13F205E','H05','2025-08-26'),
('CRSNGL80S30H501F','ZA01','2025-08-26'),
('CRSNGL80S30H501F','H24','2025-08-26'),
('CRSNGL80S30H501F','H06','2025-08-26'),
('LSRZMN15T07F839G','ZA01','2025-08-27'),
('LSRZMN15T07F839G','H25','2025-08-27'),
('LSRZMN15T07F839G','H07','2025-08-27'),
('PRGLVY87U19H501H','ZA01','2025-08-28'),
('PRGLVY87U19H501H','H01','2025-08-28'),
('PRGLVY87U19H501H','H08','2025-08-28'),
('MNTRNL73V28F205I','ZA01','2025-08-29'),
('MNTRNL73V28F205I','H02','2025-08-29'),
('MNTRNL73V28F205I','H09','2025-08-29'),
('SBNDLR02W04H501J','ZA01','2025-08-30'),
('SBNDLR02W04H501J','H03','2025-08-30'),
('SBNDLR02W04H501J','H10','2025-08-30'),
('SBNDLR02W04H501J','ZR02','2025-08-30'),
('GLCPTR98X16F839K','ZA01','2025-08-30'),
('GLCPTR98X16F839K','H04','2025-08-30'),
('GLCPTR98X16F839K','H11','2025-08-30'),
('NVLLBR81Y21H501L','ZA01','2025-08-31'),
('NVLLBR81Y21H501L','H05','2025-08-31'),
('NVLLBR81Y21H501L','H12','2025-08-31'),
('FRNZZR07Z29F205M','ZA01','2025-08-31'),
('FRNZZR07Z29F205M','H06','2025-08-31'),
('FRNZZR07Z29F205M','H13','2025-08-31'),
('CLPRTV84A13H501N','ZA01','2025-08-31'),
('CLPRTV84A13H501N','H07','2025-08-31'),
('CLPRTV84A13H501N','H14','2025-08-31'),
('DMNDLN91B07F839O','ZA01','2025-08-01'),
('DMNDLN91B07F839O','H08','2025-08-01'),
('DMNDLN91B07F839O','H15','2025-08-01'),
('VRGPLN00C18H501P','ZA01','2025-08-02'),
('VRGPLN00C18H501P','H09','2025-08-02'),
('VRGPLN00C18H501P','H16','2025-08-02'),
('BSCNRT67D02F205Q','ZA01','2025-08-03'),
('BSCNRT67D02F205Q','H10','2025-08-03'),
('BSCNRT67D02F205Q','H17','2025-08-03'),
('RTNLFR90E30H501R','ZA01','2025-08-03'),
('RTNLFR90E30H501R','H11','2025-08-03'),
('RTNLFR90E30H501R','H18','2025-08-03'),
('PLTRMN97F11F839S','ZA01','2025-08-04'),
('PLTRMN97F11F839S','H12','2025-08-04'),
('PLTRMN97F11F839S','H19','2025-08-04'),
('PLTRMN97F11F839S','ZR05','2025-08-04'),
('SVNTBR88G25H501T','ZA01','2025-08-04'),
('SVNTBR88G25H501T','H13','2025-08-04'),
('SVNTBR88G25H501T','H20','2025-08-04'),
('CGNLLA05H04F205U','ZA01','2025-08-04'),
('CGNLLA05H04F205U','H14','2025-08-04'),
('CGNLLA05H04F205U','H21','2025-08-04'),
('MTNDRG76I19H501V','ZA01','2025-08-04'),
('MTNDRG76I19H501V','H15','2025-08-04'),
('MTNDRG76I19H501V','H22','2025-08-04'),
('RGLTTP93J03F839W','ZA01','2025-08-05'),
('RGLTTP93J03F839W','H16','2025-08-05'),
('RGLTTP93J03F839W','H23','2025-08-05'),
('BNZLPR85K27H501X','ZA01','2025-08-05'),
('BNZLPR85K27H501X','H17','2025-08-05'),
('BNZLPR85K27H501X','H24','2025-08-05'),
('FLLRMA02L10F205Y','ZA01','2025-08-05'),
('FLLRMA02L10F205Y','H18','2025-08-05'),
('FLLRMA02L10F205Y','H25','2025-08-05'),
('CRSNMD79M08H501Z','ZA01','2025-08-06'),
('CRSNMD79M08H501Z','H19','2025-08-06'),
('CRSNMD79M08H501Z','H01','2025-08-06'),
('PGRTNV11N24F839A','ZA01','2025-08-06'),
('PGRTNV11N24F839A','H20','2025-08-06'),
('PGRTNV11N24F839A','H02','2025-08-06'),
('LDVRTN66P17H501B','ZA01','2025-08-06'),
('LDVRTN66P17H501B','H21','2025-08-06'),
('LDVRTN66P17H501B','H03','2025-08-06'),
('TMBRNL94Q02F205C','ZA01','2025-08-07'),
('TMBRNL94Q02F205C','H22','2025-08-07'),
('TMBRNL94Q02F205C','H04','2025-08-07'),
('PNCLMR78R20H501D','ZA01','2025-08-08'),
('PNCLMR78R20H501D','H23','2025-08-08'),
('PNCLMR78R20H501D','H05','2025-08-08'),
('SLTRFN09S15F839E','ZA01','2025-08-08'),
('SLTRFN09S15F839E','H24','2025-08-08'),
('SLTRFN09S15F839E','H06','2025-08-08'),
('VRGNTN72T26H501F','ZA01','2025-08-08'),
('VRGNTN72T26H501F','H25','2025-08-08'),
('VRGNTN72T26H501F','H07','2025-08-08'),
('CNTRSS95U03F205G','ZA01','2025-08-09'),
('CNTRSS95U03F205G','H01','2025-08-09'),
('CNTRSS95U03F205G','H08','2025-08-09'),
('MBRZLR88V09H501H','ZA01','2025-08-09'),
('MBRZLR88V09H501H','H02','2025-08-09'),
('MBRZLR88V09H501H','H09','2025-08-09'),
('PNDRML04W21F839I','ZA01','2025-08-09'),
('PNDRML04W21F839I','H03','2025-08-09'),
('PNDRML04W21F839I','H10','2025-08-09'),
('PNDRML04W21F839I','ZR09','2025-08-09'),
('TLLGNR82X14H501J','ZA01','2025-08-09'),
('TLLGNR82X14H501J','H04','2025-08-09'),
('TLLGNR82X14H501J','H11','2025-08-09'),
('SLVSTR07Y07F205K','ZA01','2025-08-10'),
('SLVSTR07Y07F205K','H05','2025-08-10'),
('SLVSTR07Y07F205K','H12','2025-08-10'),
('GRMNDL61Z29H501L','ZA01','2025-08-10'),
('GRMNDL61Z29H501L','H06','2025-08-10'),
('GRMNDL61Z29H501L','H13','2025-08-10'),
('CRLVNC85A03H501M','ZA01','2025-08-10'),
('CRLVNC85A03H501M','H07','2025-08-10'),
('CRLVNC85A03H501M','H14','2025-08-10'),
('DZMNRT09B14F205N','ZA01','2025-08-11'),
('DZMNRT09B14F205N','H08','2025-08-11'),
('DZMNRT09B14F205N','H15','2025-08-11'),
('PLMTTR12C25H501O','ZA01','2025-08-11'),
('PLMTTR12C25H501O','H09','2025-08-11'),
('PLMTTR12C25H501O','H16','2025-08-11'),
('FRSCBN77D06F839P','ZA01','2025-08-12'),
('FRSCBN77D06F839P','H10','2025-08-12'),
('FRSCBN77D06F839P','H17','2025-08-12'),
('BGLLCM98E18H501Q','ZA01','2025-08-13'),
('BGLLCM98E18H501Q','H11','2025-08-13'),
('BGLLCM98E18H501Q','H18','2025-08-13'),
('MRCLRZ03F21F205R','ZA01','2025-08-13'),
('MRCLRZ03F21F205R','H12','2025-08-13'),
('MRCLRZ03F21F205R','H19','2025-08-13'),
('DLMGNA70G29H501S','ZA01','2025-08-14'),
('DLMGNA70G29H501S','H13','2025-08-14'),
('DLMGNA70G29H501S','H20','2025-08-14'),
('VNCRDL91H04F839T','ZA01','2025-08-14'),
('VNCRDL91H04F839T','H14','2025-08-14'),
('VNCRDL91H04F839T','H21','2025-08-14'),
('SMTRLN65J12H501U','ZA01','2025-08-17'),
('SMTRLN65J12H501U','H15','2025-08-17'),
('SMTRLN65J12H501U','H22','2025-08-17'),
('LPDGLA14K30F205V','ZA01','2025-08-11'),
('LPDGLA14K30F205V','H16','2025-08-11'),
('LPDGLA14K30F205V','H23','2025-08-11'),
('NTFRNC02L09H501W','ZA01','2025-08-11'),
('NTFRNC02L09H501W','H17','2025-08-11'),
('NTFRNC02L09H501W','H24','2025-08-11'),
('VRGMRN89M01F839X','ZA01','2025-08-11'),
('VRGMRN89M01F839X','H18','2025-08-11'),
('VRGMRN89M01F839X','H25','2025-08-11'),
('BRZLLI55N17H501Y','ZA01','2025-08-11'),
('BRZLLI55N17H501Y','H19','2025-08-11'),
('BRZLLI55N17H501Y','H01','2025-08-11'),
('SCMMLD08P23F205Z','ZA01','2025-08-11'),
('SCMMLD08P23F205Z','H20','2025-08-11'),
('SCMMLD08P23F205Z','H02','2025-08-11'),
('GNDLRZ96Q05H501A','ZA01','2025-08-11'),
('GNDLRZ96Q05H501A','H21','2025-08-11'),
('GNDLRZ96Q05H501A','H03','2025-08-11'),
('PLCRFR81R26F839B','ZA01','2025-08-11'),
('PLCRFR81R26F839B','H22','2025-08-11'),
('PLCRFR81R26F839B','H04','2025-08-11'),
('TRNLDV99S11H501C','ZA01','2025-08-11'),
('TRNLDV99S11H501C','H23','2025-08-11'),
('TRNLDV99S11H501C','H05','2025-08-11'),
('MLNDRZ73T03F205D','ZA01','2025-08-11'),
('MLNDRZ73T03F205D','H24','2025-08-11'),
('MLNDRZ73T03F205D','H06','2025-08-11'),
('VRSPTN86U20H501E','ZA01','2025-08-11'),
('VRSPTN86U20H501E','H25','2025-08-11'),
('VRSPTN86U20H501E','H07','2025-08-11'),
('CRDLNM04V07F839F','ZA01','2025-08-11'),
('CRDLNM04V07F839F','H01','2025-08-11'),
('CRDLNM04V07F839F','H08','2025-08-11'),
('LDNCTT58W29H501G','ZA01','2025-08-11'),
('LDNCTT58W29H501G','H02','2025-08-11'),
('LDNCTT58W29H501G','H09','2025-08-11'),
('FVNNCL90X13F205H','ZA01','2025-08-11'),
('FVNNCL90X13F205H','H03','2025-08-11'),
('FVNNCL90X13F205H','H10','2025-08-11'),
('MGLNPR01Y22H501I','ZA01','2025-08-11'),
('MGLNPR01Y22H501I','H04','2025-08-11'),
('MGLNPR01Y22H501I','H11','2025-08-11'),
('RCCNTR82Z05F839J','ZA01','2025-08-11'),
('RCCNTR82Z05F839J','H05','2025-08-11'),
('RCCNTR82Z05F839J','H12','2025-08-11'),
('DSNFRR97A16H501K','ZA01','2025-08-11'),
('DSNFRR97A16H501K','H06','2025-08-11'),
('DSNFRR97A16H501K','H13','2025-08-11'),
('GLBRTR68B28F205L','ZA01','2025-08-11'),
('GLBRTR68B28F205L','H07','2025-08-11'),
('GLBRTR68B28F205L','H14','2025-08-11'),
('PRRLDG05C02H501M','ZA01','2025-08-11'),
('PRRLDG05C02H501M','H08','2025-08-11'),
('PRRLDG05C02H501M','H15','2025-08-11'),
('SLVRML74D19F839N','ZA01','2025-08-11'),
('SLVRML74D19F839N','H09','2025-08-11'),
('SLVRML74D19F839N','H16','2025-08-11'),
('BNTRSC93E24H501O','ZA01','2025-08-05'),
('BNTRSC93E24H501O','H10','2025-08-05'),
('BNTRSC93E24H501O','H17','2025-08-05'),
('CTTRMN87F08F205P','ZA01','2025-08-05'),
('CTTRMN87F08F205P','H11','2025-08-05'),
('CTTRMN87F08F205P','H18','2025-08-05'),
('MDLNCL11G30H501Q','ZA01','2025-08-05'),
('MDLNCL11G30H501Q','H12','2025-08-05'),
('MDLNCL11G30H501Q','H19','2025-08-05'),
('DSNLRZ15N16F205X','ZA01','2025-08-15'),
('DSNLRZ15N16F205X','H19','2025-08-15'),
('DSNLRZ15N16F205X','H01','2025-08-15'),
('BRGNTI88X30H501G','ZA01','2025-08-13'),
('BRGNTI88X30H501G','H03','2025-08-13'),
('BRGNTI88X30H501G','H10','2025-08-13'),
('DLMCRZ91Z25H501I','ZA01','2025-08-16'),
('DLMCRZ91Z25H501I','H05','2025-08-16'),
('DLMCRZ91Z25H501I','H12','2025-08-16'),
('BGLLCM98E18H501Q','ZR01','2025-08-13'),
('BGLLCM98E18H501Q','ZR02','2025-08-13'),
('BGLLCM98E18H501Q','ZR03','2025-08-13'),
('BGLLCM98E18H501Q','ZR06','2025-08-13'),
('BGLLCM98E18H501Q','ZR09','2025-08-13'),
('BGLLCM98E18H501Q','ZR10','2025-08-13'),
('BGLLCM98E18H501Q','ZR12','2025-08-13'),
('BGLLCM98E18H501Q','H01','2025-08-13'),
('BGLLCM98E18H501Q','H03','2025-08-13'),
('CTTRMN87F08F205P','ZR03','2025-08-12'),
('CTTRMN87F08F205P','ZR04','2025-08-12'),
('CTTRMN87F08F205P','ZR07','2025-08-12'),
('CTTRMN87F08F205P','ZR08','2025-08-12'),
('CTTRMN87F08F205P','ZR12','2025-08-12'),
('CTTRMN87F08F205P','H04','2025-08-12'),
('CTTRMN87F08F205P','H06','2025-08-12'),
('BRGNTI88X30H501G','ZR03','2025-08-13'),
('BRGNTI88X30H501G','ZR08','2025-08-13'),
('BRGNTI88X30H501G','ZR10','2025-08-13'),
('BRGNTI88X30H501G','H07','2025-08-13'),
('DSNFRR97A16H501K','ZR01','2025-08-14'),
('DSNFRR97A16H501K','ZR04','2025-08-14'),
('DSNFRR97A16H501K','ZR08','2025-08-14'),
('DSNFRR97A16H501K','ZR10','2025-08-14'),
('DSNFRR97A16H501K','H12','2025-08-14'),
('DSNFRR97A16H501K','H15','2025-08-14'),
('DSNLRZ15N16F205X','ZR04','2025-08-15'),
('DSNLRZ15N16F205X','ZR06','2025-08-15'),
('DSNLRZ15N16F205X','ZR08','2025-08-15'),
('DSNLRZ15N16F205X','ZR10','2025-08-15'),
('DSNLRZ15N16F205X','H18','2025-08-15'),
('DSNLRZ15N16F205X','H20','2025-08-15'),
('DLMCRZ91Z25H501I','ZR01','2025-08-16'),
('DLMCRZ91Z25H501I','ZR03','2025-08-16'),
('DLMCRZ91Z25H501I','ZR05','2025-08-16'),
('DLMCRZ91Z25H501I','ZR07','2025-08-16'),
('DLMCRZ91Z25H501I','H01','2025-08-16'),
('DLMCRZ91Z25H501I','H03','2025-08-16'),
('PLTRMN97F11F839S','ZR01','2025-08-22'),
('PLTRMN97F11F839S','ZR02','2025-08-22'),
('PLTRMN97F11F839S','ZR06','2025-08-22'),
('PLTRMN97F11F839S','ZR08','2025-08-22'),
('PLTRMN97F11F839S','ZR12','2025-08-22'),
('PLTRMN97F11F839S','H04','2025-08-22'),
('PLTRMN97F11F839S','H06','2025-08-22'),
('LPDGLA14K30F205V','ZR03','2025-08-11'),
('LPDGLA14K30F205V','ZR08','2025-08-11'),
('LPDGLA14K30F205V','ZR10','2025-08-11'),
('FVNNCL90X13F205H','ZR02','2025-08-11'),
('FVNNCL90X13F205H','ZR04','2025-08-11'),
('FVNNCL90X13F205H','ZR07','2025-08-11'),
('FVNNCL90X13F205H','ZR08','2025-08-11'),
('FVNNCL90X13F205H','ZR12','2025-08-11');


